timestamp,temperature,humidity,gas,light
2026-09-27 19:55:41,31.1,81.1,433,148
2026-09-27 19:55:52,31.1,81.0,441,135
2026-09-27 19:55:57,31.1,81.0,434,112
2026-09-27 20:13:54,31.3,80.9,401,46
2026-09-27 20:13:59,31.3,80.7,414,39
2026-09-27 20:14:05,31.3,80.5,401,66
2026-09-27 20:14:10,31.3,80.2,397,60
2026-09-27 20:14:15,31.3,80.1,395,64
2026-09-27 20:14:20,31.4,79.9,404,85
2026-09-27 20:14:25,31.4,79.8,400,31
2026-09-27 20:14:31,31.4,79.8,398,17
2026-09-27 20:14:36,31.4,79.8,410,23
2026-09-27 20:14:41,31.4,79.8,389,64
2026-09-27 20:14:47,31.4,79.9,400,64
2026-09-27 20:14:55,31.4,79.8,405,51
2026-09-27 20:15:03,31.4,79.8,407,57
2026-09-27 20:15:09,31.4,79.5,394,74
2026-09-27 20:15:14,31.4,79.5,401,460
2026-09-27 20:15:19,31.4,79.4,403,451
2026-09-27 20:15:25,31.4,79.4,385,320
2026-09-27 20:15:30,31.4,79.5,400,310
2026-09-27 20:15:35,31.3,79.5,384,474
2026-09-27 20:15:41,31.3,79.6,406,483
2026-09-27 20:15:46,31.3,79.5,395,477
2026-09-27 20:15:52,31.2,79.7,400,475
2026-09-27 20:15:57,31.2,79.7,399,484
2026-09-27 20:16:03,31.2,79.9,387,477
2026-09-27 20:16:08,31.2,80.0,389,483
2026-09-27 20:16:13,31.1,80.2,393,476
2026-09-27 20:16:19,31.1,80.3,395,477
2026-09-27 20:16:24,31.0,80.4,407,482
2026-09-27 20:16:30,31.0,80.4,390,481
2026-09-27 20:16:35,31.0,80.6,395,478
2026-09-27 20:16:40,31.0,80.7,400,479
2026-09-27 20:16:45,30.9,80.8,400,479
2026-09-27 20:16:51,30.9,81.0,410,474
2026-09-27 20:16:56,30.8,81.1,386,481
2026-09-27 20:17:02,30.8,81.2,402,479
2026-09-27 20:17:09,30.8,81.3,395,475
2026-09-27 20:17:14,30.7,81.5,399,471
2026-09-27 20:17:20,30.7,81.6,385,470
2026-09-27 20:17:25,30.7,81.6,386,479
2026-09-27 20:17:31,30.7,81.7,397,473
2026-09-27 20:17:36,30.7,81.8,395,478
2026-09-27 20:17:42,30.7,81.8,391,467
2026-09-27 20:17:47,30.6,81.9,398,466
2026-09-27 20:17:53,30.6,81.9,389,470
2026-09-27 20:17:58,30.6,82.0,392,471
2026-09-27 20:18:04,30.6,82.1,391,471
2026-09-27 20:18:09,30.6,82.1,395,471
2026-09-27 20:18:15,30.6,82.2,365,475
2026-09-27 20:18:21,30.6,82.2,386,465
2026-09-27 20:18:27,30.5,82.3,387,466
2026-09-27 20:19:55,30.6,82.3,395,476
2026-09-27 20:19:55,30.5,82.3,394,471
2026-09-27 20:19:55,30.5,82.3,387,470
2026-09-27 20:19:55,30.5,82.4,379,469
2026-09-27 20:19:55,30.5,82.4,380,470
2026-09-27 20:19:55,30.5,82.6,383,476
2026-09-27 20:19:55,30.5,82.5,398,469
2026-09-27 20:19:56,30.5,82.5,394,468
2026-09-27 20:19:56,30.5,82.5,386,469
2026-09-27 20:20:01,30.5,82.8,385,466
2026-09-27 20:20:06,30.5,82.5,389,466
2026-09-27 20:20:12,30.5,82.5,383,473
2026-09-27 20:20:17,30.5,82.4,387,467
2026-09-27 20:20:22,30.5,82.5,382,465
2026-09-27 20:20:28,30.5,82.5,388,467
2026-09-27 20:20:33,30.5,82.5,388,464
2026-09-27 20:20:39,30.5,82.5,384,464
2026-09-27 20:20:44,30.5,82.5,378,467
2026-09-27 20:20:49,30.5,82.5,384,471
2026-09-27 20:20:55,30.5,82.5,387,465
2026-09-27 20:21:00,30.5,82.6,385,467
2026-09-27 20:21:06,30.5,82.5,381,460
2026-09-27 20:21:11,30.5,82.5,389,464
2026-09-27 20:21:16,30.5,82.6,378,473
2026-09-27 20:21:21,30.5,82.6,381,465
2026-09-27 20:21:27,30.5,82.6,389,467
2026-09-27 20:21:32,30.5,82.6,377,464
2026-09-27 20:21:37,30.5,82.6,384,464
2026-09-27 20:21:42,30.5,82.6,386,466
2026-09-27 20:21:47,30.5,82.6,384,472
2026-09-27 20:21:53,30.5,82.6,384,468
2026-09-27 20:21:58,30.5,82.6,390,462
2026-09-27 20:22:03,30.5,82.7,371,467
2026-09-27 20:22:08,30.5,82.7,384,471
2026-09-27 20:22:14,30.5,82.6,417,469
2026-09-27 20:22:19,30.5,82.6,379,473
2026-09-27 20:22:24,30.5,82.6,385,468
2026-09-27 20:22:30,30.5,82.7,377,464
2026-09-27 20:22:35,30.5,82.7,385,464
2026-09-27 20:22:41,30.5,82.7,386,469
2026-09-27 20:22:46,30.5,82.7,384,464
2026-09-27 20:22:51,30.4,82.6,389,467
2026-09-27 20:22:56,30.4,82.7,371,469
2026-09-27 20:23:58,30.4,82.7,371,469
2026-09-27 20:23:58,30.4,82.8,384,473
2026-09-27 20:23:58,30.4,82.8,383,473
2026-09-27 20:23:58,30.4,82.8,395,471
2026-09-27 20:23:58,30.4,82.8,375,466
2026-09-27 20:23:59,30.4,82.7,374,466
2026-09-27 20:24:04,30.4,83.1,385,158
2026-09-27 20:24:09,30.4,83.5,380,149
2026-09-27 20:24:15,30.4,83.4,375,176
2026-09-27 20:24:20,30.5,83.3,371,450
2026-09-27 20:24:41,30.4,82.8,380,476
2026-09-27 20:24:50,30.5,82.7,384,476
2026-09-27 20:24:55,30.5,82.6,379,473
2026-09-27 20:25:01,30.5,82.6,368,478
2026-09-27 20:25:06,30.5,82.6,376,477
2026-09-27 20:25:12,30.5,82.6,371,477
2026-09-27 20:25:17,30.5,82.6,379,481
2026-09-27 20:25:23,30.5,82.6,382,477
2026-09-27 20:25:28,30.4,82.6,384,467
2026-09-27 20:25:33,30.4,82.6,390,479
2026-09-27 20:25:39,30.5,82.6,374,476
2026-09-27 20:25:44,30.5,82.6,380,476
2026-09-27 20:25:49,30.4,82.7,381,478
2026-09-27 20:25:55,30.4,82.7,384,478
2026-09-27 20:26:00,30.4,82.8,378,473
2026-09-27 20:26:05,30.4,82.8,368,478
2026-09-27 20:26:10,30.4,82.9,375,474
2026-09-27 20:26:16,30.4,82.8,374,474
2026-09-27 20:26:22,30.4,82.9,369,467
2026-09-27 20:26:27,30.4,82.8,371,475
2026-09-27 20:26:34,30.4,82.9,372,480
2026-09-27 20:26:39,30.4,82.9,357,468
2026-09-27 20:26:45,30.4,82.9,368,467
2026-09-27 20:26:50,30.4,82.9,369,469
2026-09-27 20:26:56,30.4,82.9,381,467
2026-09-27 20:27:01,30.4,82.9,355,459
2026-09-27 20:27:06,30.4,83.0,371,464
2026-09-27 20:27:12,30.4,83.0,381,465
2026-09-27 20:27:17,30.4,83.0,368,465
2026-09-27 20:27:23,30.4,82.9,378,467
2026-09-27 20:27:28,30.4,83.0,373,469
2026-09-27 20:30:20,30.4,83.0,378,470
2026-09-27 20:30:20,30.4,83.1,376,470
2026-09-27 20:30:20,30.4,83.1,381,477
2026-09-27 20:30:20,30.3,83.0,378,467
2026-09-27 20:30:20,30.4,83.1,371,467
2026-09-27 20:30:20,30.3,83.1,375,466
2026-09-27 20:30:20,30.4,83.1,383,469
2026-09-27 20:30:20,30.4,83.0,373,470
2026-09-27 20:30:20,30.3,83.1,361,465
2026-09-27 20:30:20,30.4,83.1,379,464
2026-09-27 20:30:20,30.3,83.1,375,464
2026-09-27 20:30:20,30.3,83.1,373,464
2026-09-27 20:30:20,30.3,83.1,371,464
2026-09-27 20:30:20,30.3,83.2,363,462
2026-09-27 20:30:20,30.3,83.2,351,463
2026-09-27 20:30:22,30.3,83.2,378,385
2026-09-27 20:30:28,30.3,83.4,384,106
2026-09-27 20:30:33,30.4,83.4,372,290
2026-09-27 20:30:38,30.4,83.4,367,251
2026-09-27 20:30:43,30.4,83.3,362,253
2026-09-27 20:30:49,30.4,83.4,377,304
2026-09-27 20:30:54,30.4,83.4,369,174
2026-09-27 20:30:59,30.4,83.4,375,106
2026-09-27 20:31:05,30.4,83.5,374,113
2026-09-27 20:31:10,30.5,83.4,368,115
2026-09-27 20:31:16,30.4,83.3,370,117
2026-09-27 20:31:21,30.5,83.1,374,125
2026-09-27 20:31:39,30.6,82.7,339,304
2026-09-27 20:31:45,30.6,82.5,377,286
2026-09-27 20:31:50,30.6,82.4,377,359
2026-09-27 20:31:55,30.6,82.3,374,377
2026-09-27 20:32:00,30.6,82.3,377,384
2026-09-27 20:32:05,30.7,82.3,375,345
2026-09-27 20:32:11,30.7,82.2,355,341
2026-09-27 20:32:16,30.7,82.2,370,284
2026-09-27 20:32:21,30.7,82.2,369,208
2026-09-27 20:32:26,30.7,82.3,367,121
2026-09-27 20:32:32,30.7,82.2,368,385
2026-09-27 20:32:37,30.7,81.9,369,422
2026-09-27 20:32:45,30.7,81.8,381,421
2026-09-27 20:32:54,30.7,82.0,372,417
2026-09-27 20:32:59,30.8,81.9,352,207
2026-09-27 20:33:05,30.7,81.8,377,112
2026-09-27 20:33:10,30.8,81.7,368,150
2026-09-27 20:33:17,30.8,81.7,357,184
2026-09-27 20:33:22,30.7,81.7,368,374
2026-09-27 20:33:27,30.8,81.6,369,400
2026-09-27 20:33:32,30.8,81.5,370,390
2026-09-27 20:33:38,30.8,81.6,368,367
2026-09-27 20:33:43,30.8,81.5,371,375
2026-09-27 20:33:48,30.8,81.5,363,401
2026-09-27 20:33:53,30.8,81.4,373,403
2026-09-27 20:33:59,30.8,81.4,378,406
2026-09-27 20:34:04,30.8,81.5,375,57
2026-09-27 20:34:10,30.8,82.1,378,59
2026-09-27 20:34:15,30.8,82.1,368,97
2026-09-27 20:34:20,30.8,81.9,374,379
2026-09-27 20:34:26,30.8,81.6,369,425
2026-09-27 20:34:31,30.9,81.3,363,418
2026-09-27 20:34:39,30.8,81.3,372,431
2026-09-27 20:34:47,30.9,81.3,371,430
2026-09-27 20:34:53,30.9,81.3,373,432
2026-09-27 20:34:58,30.8,81.2,382,226
2026-09-27 20:35:04,30.8,81.3,384,119
2026-09-27 20:35:09,30.8,81.4,368,138
2026-09-27 20:35:15,30.8,81.4,370,135
2026-09-27 20:35:20,30.9,81.2,383,145
2026-09-27 20:35:25,30.9,81.3,376,145
2026-09-27 20:35:31,30.9,81.4,368,154
2026-09-27 20:35:36,30.9,81.3,371,155
2026-09-27 20:35:41,30.9,81.2,371,227
2026-09-27 20:35:47,30.9,81.2,347,215
2026-09-27 20:35:52,30.9,81.1,371,208
2026-09-27 20:35:57,30.9,81.1,375,208
2026-09-27 20:36:03,30.9,81.2,368,188
2026-09-27 20:36:08,30.9,81.2,372,189
2026-09-27 20:36:13,30.9,81.4,363,139
2026-09-27 20:36:18,30.9,81.3,368,113
2026-09-27 20:36:24,30.9,81.2,374,144
2026-09-27 20:36:29,30.9,81.1,378,111
2026-09-27 20:36:35,31.0,81.1,354,112
2026-09-27 20:36:40,30.9,81.2,368,122
2026-09-27 20:36:45,30.9,81.1,370,141
2026-09-27 20:36:50,30.9,81.1,380,126
2026-09-27 20:36:56,30.9,81.1,369,113
2026-09-27 20:37:01,30.9,81.0,373,119
2026-09-27 20:37:06,30.9,81.0,369,118
2026-09-27 20:37:12,30.9,80.9,371,163
2026-09-27 20:37:20,31.0,80.9,369,188
2026-09-27 20:37:25,30.9,80.9,377,201
2026-09-27 20:37:31,31.0,81.1,375,196
2026-09-27 20:37:36,31.0,81.1,367,204
2026-09-27 20:37:52,31.0,80.8,375,250
2026-09-27 20:37:57,31.0,80.8,375,241
2026-09-27 20:38:02,31.0,80.7,369,244
2026-09-27 20:38:08,31.0,80.7,367,131
2026-09-27 20:38:13,31.0,80.8,369,133
2026-09-27 20:38:19,31.0,80.8,380,144
2026-09-27 20:38:24,30.9,80.7,369,144
2026-09-27 20:38:30,31.0,80.9,352,113
2026-09-27 20:38:35,31.0,80.9,363,112
2026-09-27 20:38:40,31.0,80.8,367,125
2026-09-27 20:38:45,31.0,80.8,378,130
2026-09-27 20:38:51,31.0,80.9,369,176
2026-09-27 20:38:56,31.0,81.0,368,176
2026-09-27 20:39:01,31.0,81.0,368,182
2026-09-27 20:39:07,31.0,80.9,349,208
2026-09-27 20:39:12,31.0,80.9,373,198
2026-09-27 20:39:20,31.0,80.8,383,459
2026-09-27 20:39:26,31.0,80.7,374,161
2026-09-27 20:39:31,31.0,80.8,351,464
2026-09-27 20:39:36,31.0,80.8,369,476
2026-09-27 20:39:41,31.0,80.7,365,465
2026-09-27 20:39:46,30.9,80.8,373,329
2026-09-27 20:39:55,30.9,80.9,371,286
2026-09-27 20:40:00,30.9,81.0,369,473
2026-09-27 20:40:05,30.9,81.1,369,467
2026-09-27 20:40:11,30.8,81.1,362,475
2026-09-27 20:40:16,30.8,81.1,371,476
2026-09-27 20:40:21,30.8,81.2,368,471
2026-09-27 20:40:26,30.8,81.4,361,469
2026-09-27 20:40:31,30.7,81.4,372,477
2026-09-27 20:40:36,30.7,81.4,364,467
2026-09-27 20:40:41,30.7,81.5,352,465
2026-09-27 20:40:47,30.7,81.5,379,434
2026-09-27 20:40:52,30.7,81.6,375,427
2026-09-27 20:40:57,30.6,81.8,371,1293
2026-09-27 20:41:02,30.7,81.9,367,284
2026-09-27 20:41:07,30.6,82.1,359,223
2026-09-27 20:41:12,30.6,82.3,380,484
2026-09-27 20:41:24,30.6,82.5,351,3746
2026-09-27 20:41:27,30.6,83.0,368,3794
2026-09-27 20:41:33,30.6,82.7,365,377
2026-09-27 20:41:38,30.6,82.4,374,364
2026-09-27 20:41:43,30.6,82.2,363,419
2026-09-27 20:41:48,30.6,82.0,378,432
2026-09-27 20:41:53,30.6,82.1,355,434
2026-09-27 20:41:58,30.6,82.0,363,434
2026-09-27 20:42:04,30.6,82.2,369,432
2026-09-27 20:42:09,30.6,82.2,377,445
2026-09-27 20:42:14,30.5,82.2,370,445
2026-09-27 20:42:19,30.6,82.2,368,443
2026-09-27 20:42:24,30.6,82.2,369,438
2026-09-27 20:42:29,30.6,82.3,352,434
2026-09-27 20:42:34,30.5,82.3,368,443
2026-09-27 20:42:39,30.6,82.4,369,453
2026-09-27 20:42:45,30.5,82.4,374,0
2026-09-27 20:42:50,30.5,82.4,358,0
2026-09-27 20:42:55,30.5,82.4,374,0
2026-09-27 20:43:00,30.5,82.4,369,454
2026-09-27 20:43:05,30.5,82.5,366,474
2026-09-27 20:43:10,30.5,82.4,368,467
2026-09-27 20:43:15,30.5,82.6,368,472
2026-09-27 20:43:21,30.5,82.6,367,467
2026-09-27 20:43:26,30.4,82.6,349,475
2026-09-27 20:43:31,30.5,82.6,368,471
2026-09-27 20:43:36,30.4,82.6,366,468
2026-09-27 20:43:41,30.4,82.6,371,473
2026-09-27 20:43:46,30.4,82.8,360,471
2026-09-27 20:43:51,30.5,82.8,353,469
2026-09-27 20:43:56,30.4,82.7,369,464
2026-09-27 20:44:02,30.4,82.8,367,470
2026-09-27 20:44:07,30.4,82.8,361,464
2026-09-27 20:44:12,30.4,82.8,363,470
2026-09-27 20:44:17,30.4,82.8,374,469
2026-09-27 20:44:22,30.4,82.8,351,471
2026-09-27 20:44:27,30.4,82.8,366,463
2026-09-27 20:44:33,30.4,82.9,357,469
2026-09-27 20:44:38,30.4,82.8,343,466
2026-09-27 20:44:43,30.4,82.8,365,464
2026-09-27 20:44:48,30.4,82.9,374,466
2026-09-27 20:44:53,30.4,82.8,363,465
2026-09-27 20:44:58,30.4,82.9,362,465
2026-09-27 20:45:04,30.4,82.9,368,464
2026-09-27 20:45:09,30.4,82.9,359,464
2026-09-27 20:45:14,30.4,82.9,364,463
2026-09-27 20:45:19,30.4,82.9,353,464
2026-09-27 20:45:24,30.4,82.8,363,464
2026-09-27 20:45:29,30.4,82.8,352,464
2026-09-27 20:45:34,30.4,82.8,348,463
2026-09-27 20:45:40,30.4,82.9,369,466
2026-09-27 20:45:45,30.4,82.8,364,464
2026-09-27 20:45:50,30.4,82.9,354,464
2026-09-27 20:45:55,30.4,82.9,368,464
2026-09-27 20:46:00,30.4,82.9,383,465
2026-09-27 20:46:05,30.3,82.9,368,463
2026-09-27 20:46:10,30.4,82.9,364,457
2026-09-27 20:46:15,30.4,82.9,362,458
2026-09-27 20:46:20,30.4,82.9,354,461
2026-09-27 20:46:26,30.4,82.9,356,454
2026-09-27 20:46:31,30.4,82.9,363,459
2026-09-27 20:46:36,30.3,82.9,351,463
2026-09-27 20:46:41,30.3,82.9,350,459
2026-09-27 20:46:46,30.3,82.9,357,464
2026-09-27 20:46:51,30.3,83.0,366,461
2026-09-27 20:46:56,30.3,83.0,360,0
2026-09-27 20:47:01,30.4,83.1,345,0
2026-09-27 20:47:07,30.3,83.0,357,0
2026-09-27 20:47:12,30.3,83.0,368,0
2026-09-27 20:47:17,30.3,83.1,355,0
2026-09-27 20:47:22,30.3,83.1,350,0
2026-09-27 20:47:27,30.3,83.1,355,0
2026-09-27 20:47:32,30.3,83.0,355,0
2026-09-27 20:47:37,30.3,83.0,354,0
2026-09-27 20:47:42,30.3,83.0,342,0
2026-09-27 20:47:48,30.3,83.1,355,0
2026-09-27 20:47:53,30.3,83.1,353,0
2026-09-27 20:47:58,30.3,83.0,360,0
2026-09-27 20:48:03,30.3,83.1,333,0
2026-09-27 20:48:08,30.3,83.1,357,0
2026-09-27 20:48:13,30.3,83.2,368,0
2026-09-27 20:48:18,30.3,83.2,369,0
2026-09-27 20:48:23,30.3,83.1,354,0
2026-09-27 20:48:29,30.3,83.1,339,0
2026-09-27 20:48:34,30.3,83.2,361,0
2026-09-27 20:48:39,30.3,83.1,359,0
2026-09-27 20:48:44,30.3,83.0,354,0
2026-09-27 20:48:49,30.3,83.0,368,0
2026-09-27 20:48:54,30.3,83.0,349,0
2026-09-27 20:48:59,30.3,82.6,355,0
2026-09-27 20:49:04,30.3,82.6,343,0
2026-09-27 20:49:09,30.2,82.7,366,0
2026-09-27 20:49:15,30.2,82.7,353,0
2026-09-27 20:49:20,30.3,82.9,357,0
2026-09-27 20:49:25,30.3,82.8,347,0
2026-09-27 20:49:30,30.2,82.8,350,0
2026-09-27 20:49:35,30.2,82.8,355,0
2026-09-27 20:49:40,30.2,82.9,364,0
2026-09-27 20:49:45,30.2,83.0,368,0
2026-09-27 20:49:50,30.3,83.0,368,0
2026-09-27 20:49:55,30.2,83.0,368,0
2026-09-27 20:50:01,30.2,83.0,364,0
2026-09-27 20:50:06,30.2,83.0,351,0
2026-09-27 20:50:11,30.2,83.1,320,0
2026-09-27 20:50:16,30.2,83.1,368,0
2026-09-27 20:50:21,30.2,83.1,368,0
2026-09-27 20:50:26,30.2,83.1,358,0
2026-09-27 20:50:31,30.2,83.1,357,0
2026-09-27 20:50:36,30.2,83.2,347,0
2026-09-27 20:50:41,30.2,83.2,357,0
2026-09-27 20:50:47,30.2,83.1,343,0
2026-09-27 20:50:52,30.2,83.2,304,0
2026-09-27 20:50:57,30.2,83.1,355,0
2026-09-27 20:51:02,30.2,83.1,359,0
2026-09-27 20:51:07,30.2,83.0,355,0
2026-09-27 20:51:12,30.2,83.0,342,0
2026-09-27 20:51:18,30.2,83.1,352,0
2026-09-27 20:51:23,30.2,83.1,362,0
2026-09-27 20:51:28,30.2,83.0,350,0
2026-09-27 20:51:33,30.2,82.9,341,0
2026-09-27 20:51:38,30.2,82.9,364,0
2026-09-27 20:51:43,30.2,82.9,355,0
2026-09-27 20:51:48,30.2,83.0,366,0
2026-09-27 20:51:53,30.2,83.1,347,0
2026-09-27 20:51:59,30.2,83.1,359,0
2026-09-27 20:52:04,30.2,83.1,360,0
2026-09-27 20:52:09,30.2,83.1,347,0
2026-09-27 20:52:14,30.2,83.2,362,0
2026-09-27 20:52:19,30.2,83.1,346,0
2026-09-27 20:52:24,30.2,83.2,339,0
2026-09-27 20:52:29,30.2,83.1,370,0
2026-09-27 20:52:34,30.2,83.0,334,0
2026-09-27 20:52:40,30.2,82.9,351,0
2026-09-27 20:52:45,30.2,82.8,353,0
2026-09-27 20:52:50,30.2,82.8,347,0
2026-09-27 20:52:55,30.2,82.7,355,0
2026-09-27 20:53:00,30.2,82.8,347,0
2026-09-27 20:53:05,30.2,83.0,358,0
2026-09-27 20:53:10,30.2,83.0,357,0
2026-09-27 20:53:16,30.2,83.0,352,0
2026-09-27 20:53:21,30.2,83.1,353,0
2026-09-27 20:53:26,30.2,83.0,357,0
2026-09-27 20:53:31,30.2,83.1,366,0
2026-09-27 20:53:36,30.1,83.1,350,0
2026-09-27 20:53:41,30.2,83.1,359,0
2026-09-27 20:53:46,30.2,83.1,336,0
2026-09-27 20:53:51,30.2,83.1,350,0
2026-09-27 20:53:57,30.2,83.2,350,0
2026-09-27 20:54:02,30.2,83.1,345,0
2026-09-27 20:54:07,30.2,83.1,356,0
2026-09-27 20:54:12,30.2,83.1,352,0
2026-09-27 20:54:17,30.1,83.1,352,0
2026-09-27 20:54:22,30.1,83.1,358,0
2026-09-27 20:54:27,30.2,83.1,359,0
2026-09-27 20:54:32,30.1,83.1,340,0
2026-09-27 20:54:38,30.1,83.1,363,0
2026-09-27 20:54:43,30.2,83.1,350,0
2026-09-27 20:54:48,30.1,83.1,350,0
2026-09-27 20:54:53,30.1,83.0,357,0
2026-09-27 20:54:58,30.1,83.0,349,0
2026-09-27 20:55:03,30.2,82.9,336,0
2026-09-27 20:55:08,30.1,82.9,356,0
2026-09-27 20:55:14,30.1,82.9,337,0
2026-09-27 20:55:19,30.1,82.9,345,0
2026-09-27 20:55:24,30.1,82.9,336,0
2026-09-27 20:55:29,30.1,82.9,346,0
2026-09-27 20:55:34,30.1,83.0,349,0
2026-09-27 20:55:39,30.1,82.9,360,0
2026-09-27 20:55:44,30.1,83.0,360,0
2026-09-27 20:55:50,30.1,83.0,338,0
2026-09-27 20:55:55,30.1,82.9,354,0
2026-09-27 20:56:00,30.1,82.9,349,0
2026-09-27 20:56:05,30.1,82.9,355,0
2026-09-27 20:56:10,30.1,82.9,361,0
2026-09-27 20:56:15,30.1,82.9,347,0
2026-09-27 20:56:20,30.1,82.9,357,0
2026-09-27 20:56:26,30.1,83.0,343,0
2026-09-27 20:56:31,30.1,83.1,353,0
2026-09-27 20:56:36,30.1,83.0,345,0
2026-09-27 20:56:41,30.1,83.0,363,0
2026-09-27 20:56:46,30.1,83.0,365,0
2026-09-27 20:56:51,30.1,83.1,354,0
2026-09-27 20:56:56,30.1,83.1,362,0
2026-09-27 20:57:01,30.1,83.1,360,0
2026-09-27 20:57:07,30.1,83.0,337,0
2026-09-27 20:57:12,30.1,83.0,346,0
2026-09-27 20:57:17,30.1,83.0,354,0
2026-09-27 20:57:22,30.1,83.1,344,0
2026-09-27 20:57:27,30.1,83.1,363,0
2026-09-27 20:57:32,30.1,83.0,381,0
2026-09-27 20:57:37,30.1,83.0,339,0
2026-09-27 20:57:42,30.1,83.0,345,0
2026-09-27 20:57:48,30.1,83.1,358,0
2026-09-27 20:57:53,30.1,83.0,357,0
2026-09-27 20:57:58,30.1,83.0,351,0
2026-09-27 20:58:03,30.1,83.1,355,0
2026-09-27 20:58:08,30.1,83.1,346,0
2026-09-27 20:58:13,30.1,83.0,359,0
2026-09-27 20:58:18,30.1,83.1,337,0
2026-09-27 20:58:23,30.1,83.1,347,0
2026-09-27 20:58:29,30.1,83.1,356,0
2026-09-27 20:58:34,30.1,83.1,345,0
2026-09-27 20:58:39,30.1,83.0,368,0
2026-09-27 20:58:44,30.1,83.0,344,0
2026-09-27 20:58:49,30.1,83.2,376,0
2026-09-27 20:58:54,30.1,83.1,342,0
2026-09-27 20:58:59,30.1,83.1,357,0
2026-09-27 20:59:04,30.1,83.0,353,0
2026-09-27 20:59:09,30.1,83.0,350,0
2026-09-27 20:59:15,30.1,83.1,352,0
2026-09-27 20:59:20,30.1,83.2,358,0
2026-09-27 20:59:25,30.1,83.2,345,0
2026-09-27 20:59:30,30.1,83.2,336,0
2026-09-27 20:59:35,30.1,83.1,362,0
2026-09-27 20:59:41,30.1,83.2,352,0
2026-09-27 20:59:46,30.1,83.2,366,0
2026-09-27 20:59:51,30.1,83.1,355,0
2026-09-27 20:59:56,30.1,83.2,355,0
2026-09-27 21:00:01,30.1,83.2,347,0
2026-09-27 21:00:06,30.1,83.2,358,0
2026-09-27 21:00:12,30.0,83.2,348,0
2026-09-27 21:00:17,30.1,83.2,353,0
2026-09-27 21:00:22,30.1,83.2,354,0
2026-09-27 21:00:27,30.1,83.2,353,0
2026-09-27 21:00:32,30.1,83.2,347,0
2026-09-27 21:00:37,30.0,83.2,363,0
2026-09-27 21:00:42,30.1,83.2,352,0
2026-09-27 21:00:48,30.1,83.2,349,0
2026-09-27 21:00:53,30.1,83.2,346,0
2026-09-27 21:00:58,30.1,83.2,382,0
2026-09-27 21:01:03,30.1,83.2,347,0
2026-09-27 21:01:08,30.1,83.2,358,0
2026-09-27 21:01:13,30.1,83.2,351,0
2026-09-27 21:01:18,30.1,83.1,353,0
2026-09-27 21:01:23,30.1,83.1,339,0
2026-09-27 21:01:29,30.1,83.1,333,0
2026-09-27 21:01:34,30.1,83.1,347,0
2026-09-27 21:01:39,30.1,83.1,355,0
2026-09-27 21:01:44,30.0,83.0,357,0
2026-09-27 21:01:49,30.1,83.1,353,0
2026-09-27 21:01:54,30.1,83.1,336,0
2026-09-27 21:01:59,30.1,83.1,353,0
2026-09-27 21:02:04,30.1,83.1,362,0
2026-09-27 21:02:09,30.1,83.0,343,0
2026-09-27 21:02:15,30.1,83.0,344,0
2026-09-27 21:02:20,30.1,83.0,359,0
2026-09-27 21:02:25,30.1,83.1,345,0
2026-09-27 21:02:30,30.0,83.1,352,0
2026-09-27 21:02:35,30.1,83.2,353,0
2026-09-27 21:02:40,30.1,83.2,362,0
2026-09-27 21:02:45,30.1,83.3,355,0
2026-09-27 21:02:50,30.1,83.2,353,0
2026-09-27 21:02:56,30.1,83.3,364,0
2026-09-27 21:03:01,30.1,83.3,351,0
2026-09-27 21:03:06,30.1,83.2,355,0
2026-09-27 21:03:11,30.1,83.2,345,0
2026-09-27 21:03:16,30.0,82.4,337,0
2026-09-27 21:03:21,30.0,83.1,356,0
2026-09-27 21:03:26,30.0,83.1,336,0
2026-09-27 21:03:31,30.1,83.1,348,0
2026-09-27 21:03:37,30.0,83.2,339,0
2026-09-27 21:03:42,30.0,83.2,350,0
2026-09-27 21:03:47,30.0,83.2,355,0
2026-09-27 21:03:52,30.0,83.2,353,0
2026-09-27 21:03:57,30.0,83.1,358,0
2026-09-27 21:04:02,30.0,82.4,348,0
2026-09-27 21:04:07,30.0,83.1,356,0
2026-09-27 21:04:13,30.0,82.4,357,0
2026-09-27 21:04:18,30.0,83.2,358,0
2026-09-27 21:04:23,30.0,83.1,358,0
2026-09-27 21:04:28,30.0,83.1,359,0
2026-09-27 21:04:33,30.0,82.4,355,0
2026-09-27 21:04:38,30.0,83.0,354,0
2026-09-27 21:04:43,30.0,83.1,353,0
2026-09-27 21:04:48,30.0,83.1,346,0
2026-09-27 21:04:54,30.0,83.1,353,0
2026-09-27 21:04:59,30.0,83.1,352,0
2026-09-27 21:05:04,30.0,83.0,350,0
2026-09-27 21:05:09,30.0,83.1,357,0
2026-09-27 21:05:14,30.0,82.4,355,0
2026-09-27 21:05:19,30.0,83.1,347,0
2026-09-27 21:05:24,30.0,82.4,336,0
2026-09-27 21:05:29,30.1,83.1,346,0
2026-09-27 21:05:34,30.0,83.1,365,0
2026-09-27 21:05:40,30.0,82.4,352,0
2026-09-27 21:05:45,30.0,83.1,356,0
2026-09-27 21:05:50,30.0,83.1,351,0
2026-09-27 21:05:55,30.1,83.1,364,0
2026-09-27 21:06:00,30.0,82.4,357,0
2026-09-27 21:06:05,30.0,82.4,348,0
2026-09-27 21:06:10,30.0,82.4,360,0
2026-09-27 21:06:16,30.0,82.4,338,0
2026-09-27 21:06:21,30.0,82.3,355,0
2026-09-27 21:06:26,30.0,83.1,357,0
2026-09-27 21:06:31,30.0,83.1,351,0
2026-09-27 21:06:36,30.0,83.1,345,0
2026-09-27 21:06:41,30.0,82.3,397,0
2026-09-27 21:06:46,30.0,83.0,351,0
2026-09-27 21:06:51,30.0,83.1,349,0
2026-09-27 21:06:57,30.0,82.3,349,0
2026-09-27 21:07:02,30.0,83.1,355,0
2026-09-27 21:07:07,30.0,83.1,356,0
2026-09-27 21:07:12,30.0,82.4,351,0
2026-09-27 21:07:17,30.0,82.4,345,0
2026-09-27 21:07:22,30.0,82.4,355,0
2026-09-27 21:07:27,30.0,83.2,351,0
2026-09-27 21:07:32,30.0,83.2,354,0
2026-09-27 21:07:38,30.0,83.2,347,0
2026-09-27 21:07:43,30.0,83.1,347,0
2026-09-27 21:07:48,30.0,83.1,363,0
2026-09-27 21:07:53,30.0,83.2,359,0
2026-09-27 21:07:58,30.0,83.2,343,0
2026-09-27 21:08:03,30.0,83.2,353,0
2026-09-27 21:08:08,30.0,83.2,349,0
2026-09-27 21:08:13,30.0,82.4,351,0
2026-09-27 21:08:19,30.0,83.2,346,0
2026-09-27 21:08:24,30.0,82.5,349,0
2026-09-27 21:08:29,30.0,83.3,352,0
2026-09-27 21:08:34,30.0,82.5,362,0
2026-09-27 21:08:39,30.0,82.5,349,0
2026-09-27 21:08:44,30.1,83.2,356,0
2026-09-27 21:08:49,30.0,82.5,351,0
2026-09-27 21:08:54,30.0,83.2,361,0
2026-09-27 21:08:59,30.0,83.3,345,0
2026-09-27 21:09:05,30.0,82.5,354,0
2026-09-27 21:09:10,30.0,82.6,346,0
2026-09-27 21:09:15,30.0,82.5,353,0
2026-09-27 21:09:20,30.0,83.3,350,0
2026-09-27 21:09:25,30.0,82.6,336,0
2026-09-27 21:09:30,30.0,82.6,357,0
2026-09-27 21:09:35,30.0,83.3,347,0
2026-09-27 21:09:41,30.0,83.3,353,0
2026-09-27 21:09:46,30.0,83.3,343,0
2026-09-27 21:09:51,30.0,82.5,345,0
2026-09-27 21:09:56,30.0,83.3,351,0
2026-09-27 21:10:01,30.0,83.2,355,0
2026-09-27 21:10:06,30.0,82.5,348,0
2026-09-27 21:10:11,30.0,83.2,354,0
2026-09-27 21:10:16,30.0,82.5,344,0
2026-09-27 21:10:22,30.0,83.2,347,0
2026-09-27 21:10:27,30.0,83.2,346,0
2026-09-27 21:10:32,30.0,82.5,350,0
2026-09-27 21:10:37,30.0,82.5,346,0
2026-09-27 21:10:42,30.0,82.5,345,0
2026-09-27 21:10:47,30.0,83.2,347,0
2026-09-27 21:10:53,30.0,82.4,359,0
2026-09-27 21:10:58,30.0,82.5,345,0
2026-09-27 21:11:03,30.0,82.5,348,0
2026-09-27 21:11:08,30.0,82.6,351,0
2026-09-27 21:11:13,30.0,82.6,348,0
2026-09-27 21:11:18,30.0,82.5,354,0
2026-09-27 21:11:23,30.0,83.2,355,0
2026-09-27 21:11:28,30.0,82.6,336,0
2026-09-27 21:11:33,30.0,82.6,351,0
2026-09-27 21:11:39,30.0,82.6,347,0
2026-09-27 21:11:44,30.0,82.6,336,0
2026-09-27 21:11:49,30.0,82.6,356,0
2026-09-27 21:11:54,30.0,83.3,354,0
2026-09-27 21:11:59,30.0,83.3,353,0
2026-09-27 21:12:04,30.0,82.7,358,0
2026-09-27 21:12:10,30.0,82.7,361,0
2026-09-27 21:12:15,30.0,82.7,351,0
2026-09-27 21:12:20,30.0,82.7,357,0
2026-09-27 21:12:25,30.0,82.7,348,0
2026-09-27 21:12:30,30.0,82.6,351,0
2026-09-27 21:12:35,30.0,82.6,353,0
2026-09-27 21:12:40,30.0,83.3,350,0
2026-09-27 21:12:46,30.0,82.6,355,0
2026-09-27 21:12:51,30.0,82.6,350,0
2026-09-27 21:12:56,30.0,82.5,358,0
2026-09-27 21:13:01,30.0,82.6,343,0
2026-09-27 21:13:06,30.0,82.6,357,0
2026-09-27 21:13:11,30.0,82.5,356,0
2026-09-27 21:13:17,30.0,82.5,347,0
2026-09-27 21:13:22,30.0,82.5,351,0
2026-09-27 21:13:27,30.0,82.5,353,0
2026-09-27 21:13:32,30.0,82.5,350,0
2026-09-27 21:13:37,30.0,82.5,353,0
2026-09-27 21:13:42,30.0,82.6,344,0
2026-09-27 21:13:47,30.0,83.2,354,0
2026-09-27 21:13:52,30.0,82.4,359,0
2026-09-27 21:13:58,30.0,82.4,354,0
2026-09-27 21:14:03,30.0,82.5,350,0
2026-09-27 21:14:08,30.0,83.3,346,0
2026-09-27 21:14:13,30.0,82.5,352,0
2026-09-27 21:14:18,30.0,83.2,336,0
2026-09-27 21:14:23,30.0,82.5,336,0
2026-09-27 21:14:28,30.0,82.5,343,0
2026-09-27 21:14:34,30.0,82.5,344,0
2026-09-27 21:14:39,30.0,82.5,348,0
2026-09-27 21:14:44,30.0,82.4,358,0
2026-09-27 21:14:49,30.0,82.4,350,0
2026-09-27 21:14:54,30.0,83.1,355,0
2026-09-27 21:15:00,30.0,82.3,349,0
2026-09-27 21:15:05,30.0,82.4,355,0
2026-09-27 21:15:10,30.0,83.2,357,0
2026-09-27 21:15:15,30.0,82.5,353,0
2026-09-27 21:15:20,30.0,82.4,339,0
2026-09-27 21:15:25,30.0,82.5,351,0
2026-09-27 21:15:30,30.0,82.4,351,0
2026-09-27 21:15:36,30.0,82.4,357,0
2026-09-27 21:15:41,30.0,82.5,357,0
2026-09-27 21:15:46,30.0,82.4,339,0
2026-09-27 21:15:51,30.0,82.4,336,0
2026-09-27 21:15:56,30.0,82.4,353,0
2026-09-27 21:16:01,30.0,82.4,355,0
2026-09-27 21:16:06,30.0,82.4,351,0
2026-09-27 21:16:11,30.0,82.4,355,0
2026-09-27 21:16:17,30.0,82.4,358,0
2026-09-27 21:16:22,30.0,82.4,355,0
2026-09-27 21:16:27,30.0,82.5,349,0
2026-09-27 21:16:32,30.0,82.5,355,0
2026-09-27 21:16:37,30.0,82.5,358,0
2026-09-27 21:16:42,30.0,82.5,351,0
2026-09-27 21:16:47,30.0,82.5,337,0
2026-09-27 21:16:52,30.0,82.5,359,0
2026-09-27 21:16:58,30.0,82.5,368,0
2026-09-27 21:17:03,30.0,82.4,356,0
2026-09-27 21:17:08,30.0,82.4,343,0
2026-09-27 21:17:14,30.0,82.5,357,0
2026-09-27 21:17:19,30.0,82.6,363,0
2026-09-27 21:17:25,30.0,82.5,351,0
2026-09-27 21:17:30,30.0,82.4,357,0
2026-09-27 21:17:36,30.0,82.4,355,0
2026-09-27 21:17:41,30.0,82.4,357,0
2026-09-27 21:17:47,30.0,82.4,359,0
2026-09-27 21:17:52,30.0,82.4,358,0
2026-09-27 21:17:58,30.0,82.5,354,0
2026-09-27 21:18:04,30.0,82.4,347,0
2026-09-27 21:18:10,30.0,82.4,368,0
2026-09-27 21:18:16,30.0,82.4,328,0
2026-09-27 21:18:22,30.0,82.3,343,0
2026-09-27 21:18:27,29.9,82.4,346,0
2026-09-27 21:18:33,30.0,82.3,352,0
2026-09-27 21:18:39,30.0,82.4,363,0
2026-09-27 21:18:44,30.0,82.4,344,0
2026-09-27 21:18:50,30.0,82.4,351,0
2026-09-27 21:18:56,30.0,82.4,366,0
2026-09-27 21:19:01,30.0,82.4,357,0
2026-09-27 21:19:07,30.0,82.4,353,0
2026-09-27 21:19:12,30.0,82.5,338,0
2026-09-27 21:19:18,30.0,82.5,351,0
2026-09-27 21:19:23,30.0,82.5,346,0
2026-09-27 21:19:29,30.0,82.4,342,0
2026-09-27 21:19:34,30.0,82.4,354,0
2026-09-27 21:19:39,30.0,82.4,357,0
2026-09-27 21:19:45,30.0,82.4,337,0
2026-09-27 21:19:50,29.9,82.4,351,0
2026-09-27 21:19:55,30.0,82.4,338,0
2026-09-27 21:20:00,29.9,82.4,351,0
2026-09-27 21:20:05,30.0,82.4,363,0
2026-09-27 21:20:10,30.0,82.4,354,0
2026-09-27 21:20:15,30.0,82.5,343,0
2026-09-27 21:20:20,30.0,82.5,337,0
2026-09-27 21:20:26,30.0,82.5,354,0
2026-09-27 21:20:31,29.9,82.5,342,0
2026-09-27 21:20:36,30.0,82.6,354,0
2026-09-27 21:20:41,30.0,82.6,337,0
2026-09-27 21:20:46,30.0,82.6,355,0
2026-09-27 21:20:51,30.0,82.7,348,0
2026-09-27 21:20:56,30.0,82.6,362,0
2026-09-27 21:21:01,30.0,82.6,338,0
2026-09-27 21:21:06,30.0,82.6,353,0
2026-09-27 21:21:11,30.0,82.5,353,0
2026-09-27 21:21:17,30.0,82.6,343,0
2026-09-27 21:21:22,30.0,82.6,353,0
2026-09-27 21:21:27,30.0,82.6,346,0
2026-09-27 21:21:32,30.0,82.6,341,0
2026-09-27 21:21:37,29.9,82.5,359,0
2026-09-27 21:21:42,30.0,82.6,363,0
2026-09-27 21:21:47,30.0,82.6,355,0
2026-09-27 21:21:53,29.9,82.6,335,0
2026-09-27 21:21:58,30.0,82.6,355,0
2026-09-27 21:22:03,30.0,82.6,350,0
2026-09-27 21:22:08,30.0,82.5,349,0
2026-09-27 21:22:13,30.0,82.6,356,0
2026-09-27 21:22:18,30.0,82.5,353,0
2026-09-27 21:22:23,30.0,82.5,355,0
2026-09-27 21:22:29,30.0,82.6,356,0
2026-09-27 21:22:34,30.0,82.6,346,0
2026-09-27 21:22:39,29.9,82.5,364,0
2026-09-27 21:22:44,30.0,82.5,344,0
2026-09-27 21:22:49,29.9,82.4,353,0
2026-09-27 21:22:54,30.0,82.4,351,0
2026-09-27 21:22:59,30.0,82.4,357,0
2026-09-27 21:23:04,30.0,82.5,353,0
2026-09-27 21:23:10,29.9,82.5,340,0
2026-09-27 21:23:15,29.9,82.6,353,0
2026-09-27 21:23:20,29.9,82.6,336,0
2026-09-27 21:23:25,29.9,82.6,340,0
2026-09-27 21:23:30,30.0,82.5,355,0
2026-09-27 21:23:35,29.9,82.5,351,0
2026-09-27 21:23:40,29.9,82.5,350,0
2026-09-27 21:23:46,30.0,82.5,352,0
2026-09-27 21:23:51,30.0,82.5,365,0
2026-09-27 21:23:56,30.0,82.5,339,0
2026-09-27 21:24:01,30.0,82.5,358,0
2026-09-27 21:24:06,29.9,82.5,357,0
2026-09-27 21:24:11,29.9,82.6,361,0
2026-09-27 21:24:16,30.0,82.6,343,0
2026-09-27 21:24:21,30.0,82.5,359,0
2026-09-27 21:24:26,29.9,82.5,362,0
2026-09-27 21:24:32,29.9,82.5,344,0
2026-09-27 21:24:37,29.9,82.5,347,0
2026-09-27 21:24:42,30.0,82.5,353,0
2026-09-27 21:24:47,29.9,82.6,347,0
2026-09-27 21:24:52,30.0,82.6,339,0
2026-09-27 21:24:57,30.0,82.6,349,0
2026-09-27 21:25:02,29.9,82.6,352,0
2026-09-27 21:25:08,29.9,82.6,339,0
2026-09-27 21:25:13,29.9,82.6,339,0
2026-09-27 21:25:18,30.0,82.7,342,0
2026-09-27 21:25:23,30.0,82.6,351,0
2026-09-27 21:25:28,30.0,82.6,367,0
2026-09-27 21:25:33,30.0,82.6,339,0
2026-09-27 21:25:38,29.9,82.6,350,0
2026-09-27 21:25:44,30.0,82.6,339,0
2026-09-27 21:25:49,29.9,82.7,337,0
2026-09-27 21:25:54,29.9,82.7,355,0
2026-09-27 21:25:59,29.9,82.7,347,0
2026-09-27 21:26:04,29.9,82.6,355,0
2026-09-27 21:26:09,29.9,82.6,357,0
2026-09-27 21:26:14,30.0,82.6,356,0
2026-09-27 21:26:19,29.9,82.6,343,0
2026-09-27 21:26:25,30.0,82.6,361,0
2026-09-27 21:26:30,30.0,82.6,320,0
2026-09-27 21:26:35,29.9,82.6,355,0
2026-09-27 21:26:40,29.9,82.6,349,0
2026-09-27 21:26:45,29.9,82.5,359,0
2026-09-27 21:26:50,29.9,82.5,344,0
2026-09-27 21:26:56,30.0,82.6,357,0
2026-09-27 21:27:01,29.9,82.5,343,0
2026-09-27 21:27:06,29.9,82.5,353,0
2026-09-27 21:27:11,30.0,82.6,337,0
2026-09-27 21:27:16,29.9,82.5,351,0
2026-09-27 21:27:21,29.9,82.6,394,0
2026-09-27 21:27:26,29.9,82.6,342,0
2026-09-27 21:27:31,29.9,82.5,347,0
2026-09-27 21:27:36,29.9,82.6,350,0
2026-09-27 21:27:42,30.0,82.5,352,0
2026-09-27 21:27:47,29.9,82.5,355,0
2026-09-27 21:27:52,29.9,82.5,349,0
2026-09-27 21:27:57,29.9,82.5,353,0
2026-09-27 21:28:02,29.9,82.5,354,0
2026-09-27 21:28:07,29.9,82.5,349,0
2026-09-27 21:28:12,29.9,82.5,358,0
2026-09-27 21:28:17,30.0,82.6,355,0
2026-09-27 21:28:23,29.9,82.6,353,0
2026-09-27 21:28:28,29.9,82.5,350,0
2026-09-27 21:28:33,29.9,82.5,352,0
2026-09-27 21:28:38,29.9,82.5,352,0
2026-09-27 21:28:43,29.9,82.5,339,0
2026-09-27 21:28:48,30.0,82.6,339,0
2026-09-27 21:28:53,29.9,82.5,349,0
2026-09-27 21:28:59,30.0,82.6,331,0
2026-09-27 21:29:04,29.9,82.7,343,0
2026-09-27 21:29:09,29.9,82.7,351,0
2026-09-27 21:29:18,29.9,82.7,343,0
2026-09-27 21:29:23,29.9,82.7,347,0
2026-09-27 21:29:28,29.9,82.7,352,0
2026-09-27 21:29:33,29.9,82.7,367,0
2026-09-27 21:29:38,29.9,82.6,333,0
2026-09-27 21:29:43,30.0,82.7,362,0
2026-09-27 21:29:48,29.9,82.6,358,0
2026-09-27 21:29:54,29.9,82.6,359,0
2026-09-27 21:29:59,29.9,82.6,341,0
2026-09-27 21:30:04,29.9,82.6,354,0
2026-09-27 21:30:09,29.9,82.6,342,0
2026-09-27 21:30:14,29.9,82.6,361,0
2026-09-27 21:30:20,29.9,82.7,358,0
2026-09-27 21:30:25,29.9,82.7,346,0
2026-09-27 21:30:30,29.9,82.6,358,0
2026-09-27 21:30:35,30.0,82.7,375,0
2026-09-27 21:30:40,29.9,82.6,347,0
2026-09-27 21:30:45,29.9,82.6,340,0
2026-09-27 21:30:50,29.9,82.6,349,0
2026-09-27 21:30:56,30.0,82.6,350,0
2026-09-27 21:31:01,29.9,82.5,355,0
2026-09-27 21:31:06,30.0,82.6,347,0
2026-09-27 21:31:11,29.9,82.7,354,0
2026-09-27 21:31:16,29.9,82.7,351,0
2026-09-27 21:31:21,29.9,82.7,349,0
2026-09-27 21:31:26,29.9,82.7,336,0
2026-09-27 21:31:32,29.9,82.6,355,0
2026-09-27 21:31:37,29.9,82.7,350,0
2026-09-27 21:31:42,30.0,82.7,352,0
2026-09-27 21:31:47,29.9,82.6,343,0
2026-09-27 21:31:52,29.9,82.6,363,0
2026-09-27 21:31:57,29.9,82.6,378,0
2026-09-27 21:32:02,29.9,82.6,366,0
2026-09-27 21:32:07,29.9,82.6,356,0
2026-09-27 21:32:13,29.9,82.6,353,0
2026-09-27 21:32:18,29.9,82.6,351,0
2026-09-27 21:32:23,29.9,82.6,362,0
2026-09-27 21:32:28,29.9,82.6,350,0
2026-09-27 21:32:33,29.9,82.6,343,0
2026-09-27 21:32:38,29.9,82.7,349,0
2026-09-27 21:32:43,29.9,82.7,345,0
2026-09-27 21:32:48,29.9,82.7,347,0
2026-09-27 21:32:54,29.9,82.7,347,0
2026-09-27 21:32:59,29.9,82.7,341,0
2026-09-27 21:33:04,30.0,82.7,350,0
2026-09-27 21:33:09,29.9,82.7,353,0
2026-09-27 21:33:14,30.0,82.7,329,0
2026-09-27 21:33:19,29.9,82.7,339,0
2026-09-27 21:33:25,29.9,82.7,347,0
2026-09-27 21:33:30,29.9,82.6,347,0
2026-09-27 21:33:35,29.9,82.6,340,0
2026-09-27 21:33:40,29.9,82.6,350,0
2026-09-27 21:33:45,29.9,82.6,363,0
2026-09-27 21:33:50,29.9,82.5,341,0
2026-09-27 21:33:55,29.9,82.5,342,0
2026-09-27 21:34:00,29.9,82.5,350,0
2026-09-27 21:34:06,29.9,82.6,345,0
2026-09-27 21:34:11,29.9,82.6,338,0
2026-09-27 21:34:16,29.9,82.6,350,0
2026-09-27 21:34:21,30.0,82.6,359,0
2026-09-27 21:34:26,30.0,82.5,341,0
2026-09-27 21:34:31,29.9,82.5,347,0
2026-09-27 21:34:36,30.0,82.5,349,0
2026-09-27 21:34:41,29.9,82.5,352,0
2026-09-27 21:34:46,29.9,82.4,350,0
2026-09-27 21:34:52,29.9,82.4,335,0
2026-09-27 21:34:57,29.9,82.4,337,0
2026-09-27 21:35:02,29.9,82.4,350,0
2026-09-27 21:35:07,29.9,82.5,339,0
2026-09-27 21:35:12,30.0,82.5,353,0
2026-09-27 21:35:17,29.9,82.5,351,0
2026-09-27 21:35:22,29.9,82.5,354,0
2026-09-27 21:35:28,29.9,82.6,357,0
2026-09-27 21:35:33,29.9,82.6,359,0
2026-09-27 21:35:38,29.9,82.6,351,0
2026-09-27 21:35:43,29.9,82.6,345,0
2026-09-27 21:35:48,29.9,82.6,353,0
2026-09-27 21:35:53,29.9,82.5,345,0
2026-09-27 21:35:58,29.9,82.5,352,0
2026-09-27 21:36:03,29.9,82.5,335,0
2026-09-27 21:36:09,29.9,82.5,344,0
2026-09-27 21:36:14,29.9,82.5,336,0
2026-09-27 21:36:19,29.9,82.5,360,0
2026-09-27 21:36:24,29.9,82.5,342,0
2026-09-27 21:36:29,29.9,82.5,336,0
2026-09-27 21:36:34,29.9,82.5,347,0
2026-09-27 21:36:39,29.9,82.5,343,0
2026-09-27 21:36:45,29.9,82.5,353,0
2026-09-27 21:36:50,29.9,82.4,346,0
2026-09-27 21:36:55,29.9,82.5,351,0
2026-09-27 21:37:00,29.9,82.5,347,0
2026-09-27 21:37:05,29.9,82.6,353,0
2026-09-27 21:37:10,29.9,82.5,339,0
2026-09-27 21:37:15,29.9,82.5,353,0
2026-09-27 21:37:20,29.9,82.5,343,0
2026-09-27 21:37:26,29.9,82.5,355,0
2026-09-27 21:37:31,29.9,82.5,350,0
2026-09-27 21:37:36,29.9,82.5,349,0
2026-09-27 21:37:41,30.0,82.6,354,0
2026-09-27 21:37:46,29.9,82.6,338,0
2026-09-27 21:37:51,29.9,82.7,353,0
2026-09-27 21:37:56,29.9,82.6,349,0
2026-09-27 21:38:02,29.9,82.6,350,0
2026-09-27 21:38:07,29.9,82.6,348,51
2026-09-27 21:38:12,29.9,82.6,361,638
2026-09-27 21:38:17,29.9,82.6,351,644
2026-09-27 21:38:22,29.9,82.6,352,643
2026-09-27 21:38:27,29.9,82.6,352,624
2026-09-27 21:38:33,29.9,82.6,349,625
2026-09-27 21:38:38,29.9,82.6,347,617
2026-09-27 21:38:46,29.9,82.6,351,507
2026-09-27 21:38:51,29.9,82.7,362,502
2026-09-27 21:38:56,29.9,82.7,351,496
2026-09-27 21:39:02,29.9,82.7,337,507
2026-09-27 21:39:07,29.9,82.7,347,494
2026-09-27 21:39:12,29.9,82.7,346,501
2026-09-27 21:39:38,30.0,82.4,353,181
2026-09-27 21:39:43,30.0,82.8,347,224
2026-09-27 21:39:48,30.0,83.5,367,208
2026-09-27 21:39:53,30.0,83.4,365,207
2026-09-27 21:39:58,30.0,83.4,363,250
2026-09-27 21:40:03,30.0,83.1,356,200
2026-09-27 21:40:09,30.0,82.9,355,203
2026-09-27 21:40:14,30.1,83.6,360,197
2026-09-27 21:40:19,30.0,83.6,352,576
2026-09-27 21:40:24,30.1,83.4,346,577
2026-09-27 21:40:29,30.0,83.1,347,581
2026-09-27 21:40:34,30.1,83.0,355,578
2026-09-27 21:40:40,30.0,82.9,355,581
2026-09-27 21:40:45,30.1,82.8,353,581
2026-09-27 21:40:50,30.0,82.8,352,576
2026-09-27 21:40:55,30.0,82.9,355,575
2026-09-27 21:41:00,30.0,83.0,343,570
2026-09-27 21:41:05,30.0,82.2,344,574
2026-09-27 21:41:10,30.1,83.0,351,570
2026-09-27 21:41:16,30.1,83.0,341,567
2026-09-27 21:41:21,30.1,83.1,350,571
2026-09-27 21:41:26,30.0,83.1,341,564
2026-09-27 21:41:31,30.0,83.1,339,564
2026-09-27 21:41:36,30.0,83.1,356,562
2026-09-27 21:41:41,30.0,83.1,341,564
2026-09-27 21:41:46,30.0,83.1,338,560
2026-09-27 21:41:51,30.1,83.2,353,560
2026-09-27 21:41:57,30.0,83.1,337,555
2026-09-27 21:42:02,30.0,83.1,341,556
2026-09-27 21:42:07,30.0,83.0,350,554
2026-09-27 21:42:12,30.0,82.3,338,555
2026-09-27 21:42:17,30.0,82.3,346,552
2026-09-27 21:42:22,30.0,83.0,350,550
2026-09-27 21:42:28,30.0,83.0,352,550
2026-09-27 21:42:33,30.0,83.1,338,554
2026-09-27 21:42:38,30.0,83.0,353,552
2026-09-27 21:42:43,30.0,82.2,356,548
2026-09-27 21:42:48,30.0,82.1,354,547
2026-09-27 21:42:53,30.1,82.9,353,543
2026-09-27 21:42:58,30.0,82.3,351,545
2026-09-27 21:43:04,30.0,82.3,340,548
2026-09-27 21:43:09,30.0,83.0,331,535
2026-09-27 21:43:14,30.0,83.1,352,538
2026-09-27 21:43:19,30.0,83.0,363,547
2026-09-27 21:43:24,30.0,83.1,354,543
2026-09-27 21:43:29,30.0,82.4,353,543
2026-09-27 21:45:26,30.0,82.4,347,538
2026-09-27 21:45:26,30.0,83.2,351,541
2026-09-27 21:45:26,30.0,82.4,337,534
2026-09-27 21:45:26,30.0,82.4,347,528
2026-09-27 21:45:26,30.0,82.4,347,532
2026-09-27 21:45:26,30.0,83.2,351,534
2026-09-27 21:45:26,30.0,82.4,349,532
2026-09-27 21:45:26,30.0,82.4,354,530
2026-09-27 21:45:26,30.0,82.4,340,530
2026-09-27 21:45:26,30.0,82.4,350,528
2026-09-27 21:45:26,30.0,82.4,363,523
2026-09-27 21:45:27,30.0,82.5,354,528
2026-09-27 21:45:32,30.0,82.5,358,528
2026-09-27 21:45:38,30.0,82.5,347,525
2026-09-27 21:45:43,30.0,83.3,337,528
2026-09-27 21:45:48,30.0,82.6,349,527
2026-09-27 21:45:53,30.0,82.6,353,521
2026-09-27 21:45:58,30.0,82.7,353,524
2026-09-27 21:46:03,30.0,82.6,345,519
2026-09-27 21:46:08,30.0,82.6,366,522
2026-09-27 21:46:14,30.0,83.3,348,511
2026-09-27 21:46:19,30.0,82.4,353,523
2026-09-27 21:46:24,30.0,82.4,352,511
2026-09-27 21:46:29,30.0,82.4,355,525
2026-09-27 21:46:34,30.0,82.4,354,523
2026-09-27 21:46:39,30.0,82.3,352,511
2026-09-27 21:46:44,30.0,82.4,359,522
2026-09-27 21:46:49,30.0,82.4,338,511
2026-09-27 21:46:55,30.0,82.4,338,508
2026-09-27 21:47:00,30.0,82.4,353,511
2026-09-27 21:47:05,30.0,82.5,347,509
2026-09-27 21:47:10,30.0,83.3,359,511
2026-09-27 21:47:15,30.0,82.5,356,511
2026-09-27 21:47:20,30.0,82.5,346,506
2026-09-27 21:47:25,30.0,82.4,375,510
2026-09-27 21:47:31,30.0,82.5,360,511
2026-09-27 21:47:36,30.0,82.4,363,511
2026-09-27 21:47:41,30.0,82.4,336,511
2026-09-27 21:47:46,30.0,82.5,352,511
2026-09-27 21:47:51,30.0,82.4,368,511
2026-09-27 21:47:56,30.0,82.5,352,502
2026-09-27 21:48:01,30.0,82.4,344,503
2026-09-27 21:48:07,30.0,83.2,350,511
2026-09-27 21:48:12,30.0,82.5,343,510
2026-09-27 21:48:17,30.0,82.5,359,507
2026-09-27 21:48:22,30.0,82.6,356,511
2026-09-27 21:48:27,30.1,83.3,352,505
2026-09-27 21:48:32,30.0,82.5,345,501
2026-09-27 21:48:37,30.0,82.4,349,506
2026-09-27 21:48:42,30.0,82.6,332,503
2026-09-27 21:48:48,30.1,83.3,347,506
2026-09-27 21:48:53,30.0,82.5,358,506
2026-09-27 21:48:58,30.0,82.5,355,510
2026-09-27 21:49:03,30.0,83.2,353,506
2026-09-27 21:49:08,30.0,83.1,352,494
2026-09-27 21:49:13,30.0,83.1,355,499
2026-09-27 21:49:18,30.0,83.1,339,499
2026-09-27 21:49:24,30.0,83.1,349,501
2026-09-27 21:49:29,30.0,82.4,355,500
2026-09-27 21:49:34,30.0,82.3,359,499
2026-09-27 21:49:39,30.0,83.1,334,500
2026-09-27 21:49:44,30.0,82.4,349,502
2026-09-27 21:49:49,30.0,83.2,355,497
2026-09-27 21:49:55,30.0,82.3,348,499
2026-09-27 21:50:00,30.0,83.1,361,505
2026-09-27 21:50:05,30.0,82.4,353,501
2026-09-27 21:50:10,30.0,83.1,339,498
2026-09-27 21:50:15,30.0,82.3,359,500
2026-09-27 21:50:20,30.0,83.1,353,499
2026-09-27 21:50:25,30.0,83.1,347,496
2026-09-27 21:50:31,30.0,82.4,353,496
2026-09-27 21:50:36,30.0,83.2,346,500
2026-09-27 21:50:41,30.0,82.4,348,497
2026-09-27 21:50:46,30.0,82.4,353,496
2026-09-27 21:50:51,30.0,83.2,362,498
2026-09-27 21:50:56,30.0,82.4,349,501
2026-09-27 21:51:02,30.0,83.1,358,496
2026-09-27 21:51:07,30.0,82.4,353,498
2026-09-27 21:51:12,30.0,83.1,349,499
2026-09-27 21:51:17,30.0,83.1,355,497
2026-09-27 21:51:22,30.0,82.3,349,497
2026-09-27 21:51:27,30.0,82.4,359,496
2026-09-27 21:51:32,30.0,82.5,344,500
2026-09-27 21:51:38,30.0,82.5,337,491
2026-09-27 21:51:43,30.0,83.3,358,497
2026-09-27 21:51:48,30.1,83.2,362,496
2026-09-27 21:51:53,30.0,83.1,346,496
2026-09-27 21:51:58,30.0,82.4,352,494
2026-09-27 21:52:04,30.0,82.4,345,493
2026-09-27 21:52:09,30.0,82.4,345,478
2026-09-27 21:52:14,30.0,83.1,362,496
2026-09-27 21:52:19,30.0,82.4,347,495
2026-09-27 21:52:25,30.0,83.1,351,491
2026-09-27 21:52:30,30.0,82.4,337,496
2026-09-27 21:52:35,30.0,83.1,358,496
2026-09-27 21:52:40,30.0,82.3,336,495
2026-09-27 21:52:45,30.0,83.0,356,496
2026-09-27 21:52:50,30.0,82.3,363,493
2026-09-27 21:52:56,30.0,83.1,346,493
2026-09-27 21:53:01,30.0,83.2,368,493
2026-09-27 21:53:06,30.0,83.2,362,493
2026-09-27 21:53:11,30.0,82.3,351,490
2026-09-27 21:53:16,30.0,82.3,351,493
2026-09-27 21:53:21,30.0,82.4,359,494
2026-09-27 21:53:26,30.0,82.4,357,493
2026-09-27 21:53:32,30.0,82.4,342,494
2026-09-27 21:53:37,30.0,82.4,362,493
2026-09-27 21:53:42,30.0,82.5,347,493
2026-09-27 21:53:47,30.0,83.2,352,491
2026-09-27 21:53:52,30.0,82.4,358,494
2026-09-27 21:53:57,30.0,82.5,357,494
2026-09-27 21:54:02,30.0,82.6,349,491
2026-09-27 21:54:07,30.0,82.5,352,495
2026-09-27 21:54:12,30.0,83.3,355,489
2026-09-27 21:54:18,30.0,82.5,346,493
2026-09-27 21:54:23,30.0,82.4,354,493
2026-09-27 21:54:28,30.0,82.4,353,490
2026-09-27 21:54:33,30.0,82.4,350,492
2026-09-27 21:54:38,30.0,82.5,357,490
2026-09-27 21:54:43,30.0,82.5,350,485
2026-09-27 21:54:48,30.0,82.5,355,491
2026-09-27 21:54:54,30.0,82.5,347,489
2026-09-27 21:54:59,30.0,82.4,352,495
2026-09-27 21:55:04,30.0,82.4,349,490
2026-09-27 21:55:09,30.0,82.4,359,489
2026-09-27 21:55:14,30.0,82.4,355,490
2026-09-27 21:55:19,30.0,82.4,365,491
2026-09-27 21:55:24,30.0,82.4,362,489
2026-09-27 21:55:30,30.0,82.4,361,493
2026-09-27 21:55:35,30.0,82.4,348,487
2026-09-27 21:55:40,30.0,82.5,363,483
2026-09-27 21:55:45,30.0,82.5,360,491
2026-09-27 21:55:50,30.0,82.4,363,490
2026-09-27 21:55:55,30.0,83.2,353,492
2026-09-27 21:56:00,30.0,83.2,351,492
2026-09-27 21:56:05,30.0,82.4,350,491
2026-09-27 21:56:11,30.0,82.4,344,490
2026-09-27 21:56:16,30.0,82.3,352,482
2026-09-27 21:56:23,30.0,83.1,362,491
2026-09-27 21:56:28,30.0,83.1,347,485
2026-09-27 21:56:34,30.0,83.1,355,486
2026-09-27 21:56:39,30.0,82.4,348,483
2026-09-27 21:56:44,30.0,82.4,361,485
2026-09-27 21:56:49,30.0,82.4,359,489
2026-09-27 21:56:54,30.0,82.4,343,491
2026-09-27 21:56:59,30.0,82.5,349,487
2026-09-27 21:57:04,30.0,83.1,357,487
2026-09-27 21:57:09,30.0,82.3,350,487
2026-09-27 21:57:18,30.0,83.1,354,483
2026-09-27 21:57:23,30.0,82.3,356,484
2026-09-27 21:57:28,30.0,82.3,360,487
2026-09-27 21:57:33,30.0,82.5,351,487
2026-09-27 21:57:38,30.0,83.3,347,487
2026-09-27 21:57:44,30.0,82.5,356,485
2026-09-27 21:57:49,30.0,82.4,353,484
2026-09-27 21:57:54,30.0,82.4,356,487
2026-09-27 21:57:59,30.0,83.2,335,485
2026-09-27 21:58:04,30.0,83.1,357,488
2026-09-27 21:58:09,30.0,82.3,355,486
2026-09-27 21:58:14,30.0,82.3,347,487
2026-09-27 21:58:20,30.0,82.3,358,489
2026-09-27 21:58:25,30.0,82.4,339,478
2026-09-27 21:58:30,30.0,83.2,351,486
2026-09-27 21:58:35,30.0,82.4,337,479
2026-09-27 21:58:41,30.0,82.4,342,486
2026-09-27 21:58:46,30.0,82.3,350,483
2026-09-27 21:58:51,30.0,82.3,351,486
2026-09-27 21:58:56,30.0,82.4,338,486
2026-09-27 21:59:01,30.1,83.1,359,483
2026-09-27 21:59:06,30.0,83.1,353,480
2026-09-27 21:59:11,30.0,82.3,352,480
2026-09-27 21:59:16,30.0,82.4,341,482
2026-09-27 21:59:22,30.0,83.1,368,479
2026-09-27 21:59:27,30.0,82.4,346,479
2026-09-27 21:59:32,30.0,82.4,353,482
2026-09-27 21:59:37,30.0,83.2,353,480
2026-09-27 21:59:42,30.0,83.2,359,487
2026-09-27 21:59:47,30.0,82.5,340,481
2026-09-27 21:59:52,30.0,82.4,354,482
2026-09-27 21:59:57,30.0,82.4,366,477
2026-09-27 22:00:03,30.0,83.2,351,479
2026-09-27 22:00:08,30.0,82.5,349,483
2026-09-27 22:00:13,30.1,83.2,375,484
2026-09-27 22:00:18,30.0,83.1,367,479
2026-09-27 22:00:23,30.0,82.3,362,481
2026-09-27 22:00:28,30.0,83.0,349,480
2026-09-27 22:00:33,30.0,82.3,351,480
2026-09-27 22:00:39,30.0,83.0,351,482
2026-09-27 22:00:44,30.0,82.2,364,485
2026-09-27 22:00:49,30.0,82.9,353,481
2026-09-27 22:00:54,30.0,82.1,358,475
2026-09-27 22:00:59,30.0,82.2,358,482
2026-09-27 22:01:04,30.0,82.9,349,481
2026-09-27 22:01:09,30.1,82.8,352,481
2026-09-27 22:01:14,30.0,82.9,366,480
2026-09-27 22:01:20,30.0,82.2,351,481
2026-09-27 22:01:25,30.0,82.9,363,481
2026-09-27 22:01:30,30.0,82.2,352,477
2026-09-27 22:01:35,30.0,83.1,361,481
2026-09-27 22:01:40,30.0,83.2,362,481
2026-09-27 22:01:46,30.0,83.1,347,480
2026-09-27 22:01:51,30.0,82.4,367,480
2026-09-27 22:01:56,30.0,83.2,359,478
2026-09-27 22:02:01,30.0,82.5,355,482
2026-09-27 22:02:06,30.0,82.5,355,477
2026-09-27 22:02:11,30.0,83.2,355,481
2026-09-27 22:02:16,30.0,82.4,362,480
2026-09-27 22:02:22,30.0,82.4,347,482
2026-09-27 22:02:27,30.0,82.4,356,482
2026-09-27 22:02:32,30.0,83.1,363,479
2026-09-27 22:02:37,30.0,82.3,354,484
2026-09-27 22:02:42,30.0,83.0,359,478
2026-09-27 22:02:47,30.0,82.3,368,479
2026-09-27 22:02:52,30.0,82.2,362,482
2026-09-27 22:02:57,30.0,82.2,352,474
2026-09-27 22:03:03,30.0,82.3,356,480
2026-09-27 22:03:08,30.0,83.0,339,481
2026-09-27 22:03:13,30.0,82.3,349,481
2026-09-27 22:03:18,30.0,83.1,356,483
2026-09-27 22:03:23,30.0,82.4,347,478
2026-09-27 22:03:28,30.0,82.3,360,477
2026-09-27 22:03:33,30.0,82.3,347,477
2026-09-27 22:03:38,30.0,82.3,351,477
2026-09-27 22:03:44,30.0,82.3,357,479
2026-09-27 22:03:49,30.0,82.2,355,484
2026-09-27 22:03:54,30.0,82.2,364,480
2026-09-27 22:03:59,30.0,82.2,349,474
2026-09-27 22:04:04,30.0,82.1,347,479
2026-09-27 22:04:09,30.0,82.2,362,480
2026-09-27 22:04:14,30.0,82.2,347,480
2026-09-27 22:04:20,30.0,82.2,338,475
2026-09-27 22:04:25,30.0,82.3,341,479
2026-09-27 22:04:30,30.0,82.3,354,478
2026-09-27 22:04:35,30.0,83.0,351,475
2026-09-27 22:04:40,30.0,82.3,359,480
2026-09-27 22:04:45,30.0,82.2,366,480
2026-09-27 22:04:50,30.0,82.3,353,471
2026-09-27 22:04:55,30.0,82.3,349,477
2026-09-27 22:05:01,30.0,82.3,350,477
2026-09-27 22:05:06,30.0,82.3,356,478
2026-09-27 22:05:11,30.0,82.3,373,478
2026-09-27 22:05:16,30.0,82.4,353,479
2026-09-27 22:05:21,30.0,82.4,349,482
2026-09-27 22:05:26,30.0,82.4,348,476
2026-09-27 22:05:31,30.0,82.4,339,478
2026-09-27 22:05:36,30.0,83.2,348,480
2026-09-27 22:05:41,30.0,82.4,342,475
2026-09-27 22:05:47,30.0,82.5,343,476
2026-09-27 22:05:52,30.0,82.4,351,474
2026-09-27 22:05:57,30.0,82.4,355,473
2026-09-27 22:06:02,30.0,82.4,350,466
2026-09-27 22:06:07,30.0,82.4,347,471
2026-09-27 22:06:13,30.0,82.4,355,464
2026-09-27 22:06:18,30.0,83.2,367,469
2026-09-27 22:06:23,30.0,82.4,343,469
2026-09-27 22:06:28,30.0,83.2,351,464
2026-09-27 22:06:33,30.0,82.4,353,469
2026-09-27 22:06:38,30.0,82.4,357,469
2026-09-27 22:06:43,30.0,82.3,353,466
2026-09-27 22:06:48,30.0,82.4,355,470
2026-09-27 22:06:53,30.0,82.4,347,467
2026-09-27 22:06:59,30.0,82.4,354,464
2026-09-27 22:07:04,30.0,82.4,350,469
2026-09-27 22:07:09,30.0,82.4,352,473
2026-09-27 22:07:14,30.0,82.3,354,471
2026-09-27 22:07:19,30.0,82.5,357,467
2026-09-27 22:07:24,30.0,82.5,347,464
2026-09-27 22:07:29,30.0,82.6,358,464
2026-09-27 22:07:35,30.0,82.6,358,464
2026-09-27 22:07:40,30.0,82.6,339,464
2026-09-27 22:07:45,30.0,83.2,349,466
2026-09-27 22:07:50,30.0,82.5,360,464
2026-09-27 22:07:55,30.0,82.4,360,469
2026-09-27 22:08:00,30.0,83.2,360,474
2026-09-27 22:08:05,30.0,82.5,353,468
2026-09-27 22:08:10,30.0,82.4,355,469
2026-09-27 22:08:16,30.0,82.5,365,477
2026-09-27 22:08:21,30.0,82.5,355,473
2026-09-27 22:08:26,30.0,82.5,366,471
2026-09-27 22:08:31,30.0,82.5,336,470
2026-09-27 22:08:36,30.0,82.5,351,470
2026-09-27 22:08:41,30.0,82.5,352,470
2026-09-27 22:08:46,30.0,83.3,360,472
2026-09-27 22:08:52,30.0,82.5,358,476
2026-09-27 22:08:57,30.0,82.5,359,465
2026-09-27 22:09:02,30.0,82.5,351,462
2026-09-27 22:09:07,30.0,82.5,353,471
2026-09-27 22:09:12,30.0,82.5,353,474
2026-09-27 22:09:17,30.0,82.5,347,464
2026-09-27 22:09:22,30.0,82.5,364,467
2026-09-27 22:09:28,30.0,82.5,359,471
2026-09-27 22:09:33,30.0,82.5,351,471
2026-09-27 22:09:38,30.0,82.4,359,457
2026-09-27 22:09:43,30.0,82.5,354,463
2026-09-27 22:09:48,30.0,82.5,346,469
2026-09-27 22:09:53,30.0,82.4,353,471
2026-09-27 22:09:58,30.0,82.5,356,466
2026-09-27 22:10:04,30.0,82.4,346,465
2026-09-27 22:10:09,30.0,82.4,357,471
2026-09-27 22:10:14,30.0,82.3,367,462
2026-09-27 22:10:19,30.0,82.3,359,469
2026-09-27 22:10:24,30.0,83.1,356,464
2026-09-27 22:10:29,30.0,83.2,349,467
2026-09-27 22:10:34,30.0,82.4,353,463
2026-09-27 22:10:39,30.0,82.4,338,469
2026-09-27 22:10:45,30.0,82.4,359,461
2026-09-27 22:10:50,30.0,82.4,356,465
2026-09-27 22:10:55,30.0,82.4,349,465
2026-09-27 22:11:00,30.0,82.5,349,470
2026-09-27 22:11:05,30.0,82.5,331,464
2026-09-27 22:11:10,30.0,82.4,344,463
2026-09-27 22:11:15,30.0,82.4,351,466
2026-09-27 22:11:20,30.0,82.5,363,464
2026-09-27 22:11:26,30.0,82.4,363,464
2026-09-27 22:11:31,30.0,82.5,356,466
2026-09-27 22:11:36,30.0,82.4,363,467
2026-09-27 22:11:41,30.0,82.4,363,464
2026-09-27 22:11:46,30.0,82.4,321,464
2026-09-27 22:11:51,30.0,82.4,353,465
2026-09-27 22:11:56,30.0,82.4,352,464
2026-09-27 22:12:01,30.0,82.4,354,465
2026-09-27 22:12:06,30.0,82.4,366,459
2026-09-27 22:12:12,30.0,82.4,354,464
2026-09-27 22:12:17,30.0,82.5,359,472
2026-09-27 22:12:22,30.0,82.5,361,464
2026-09-27 22:12:27,30.0,82.5,355,466
2026-09-27 22:12:32,30.0,82.5,353,464
2026-09-27 22:12:37,30.0,82.4,356,469
2026-09-27 22:12:43,30.0,82.5,349,468
2026-09-27 22:12:48,30.0,82.5,356,465
2026-09-27 22:12:53,30.0,83.3,367,469
2026-09-27 22:12:58,30.0,82.6,358,466
2026-09-27 22:13:03,30.0,82.6,363,466
2026-09-27 22:13:09,30.0,82.5,329,464
2026-09-27 22:13:14,30.0,82.6,349,465
2026-09-27 22:13:19,30.0,82.6,356,471
2026-09-27 22:13:24,30.0,82.5,359,467
2026-09-27 22:13:29,30.0,82.5,362,458
2026-09-27 22:13:34,30.0,82.7,360,464
2026-09-27 22:13:39,30.0,83.4,358,464
2026-09-27 22:13:44,30.0,82.6,349,462
2026-09-27 22:13:50,30.0,82.6,358,470
2026-09-27 22:13:55,30.0,82.6,343,464
2026-09-27 22:14:00,30.0,82.6,358,464
2026-09-27 22:14:05,30.0,82.7,367,469
2026-09-27 22:14:11,30.0,82.6,349,464
2026-09-27 22:14:16,30.0,82.6,354,464
2026-09-27 22:14:21,30.0,82.6,347,464
2026-09-27 22:14:26,30.0,82.5,360,464
2026-09-27 22:14:31,30.0,82.5,368,464
2026-09-27 22:14:36,30.0,82.5,359,464
2026-09-27 22:14:41,30.0,82.5,347,466
2026-09-27 22:14:47,30.0,82.4,363,464
2026-09-27 22:14:52,30.0,82.5,365,465
2026-09-27 22:14:57,30.0,82.5,368,470
2026-09-27 22:15:02,30.0,82.5,367,467
2026-09-27 22:15:07,30.0,82.5,341,449
2026-09-27 22:15:12,30.0,82.5,357,468
2026-09-27 22:15:18,30.0,82.5,361,465
2026-09-27 22:15:23,30.0,82.5,336,457
2026-09-27 22:15:28,30.0,82.5,364,464
2026-09-27 22:15:33,30.0,82.5,360,467
2026-09-27 22:15:38,30.0,82.5,363,458
2026-09-27 22:15:43,30.0,82.5,354,464
2026-09-27 22:15:48,30.0,82.5,352,464
2026-09-27 22:15:54,30.0,82.5,351,459
2026-09-27 22:15:59,30.0,82.5,364,465
2026-09-27 22:16:04,30.0,82.5,359,467
2026-09-27 22:16:09,30.0,82.5,351,466
2026-09-27 22:16:14,30.0,82.5,365,464
2026-09-27 22:16:19,30.0,82.5,356,464
2026-09-27 22:16:24,30.0,82.5,355,465
2026-09-27 22:16:30,30.0,82.5,349,463
2026-09-27 22:16:35,30.0,82.4,347,467
2026-09-27 22:16:40,30.0,82.5,351,459
2026-09-27 22:16:45,30.0,82.5,354,464
2026-09-27 22:16:50,30.0,82.5,359,464
2026-09-27 22:16:55,30.0,82.5,310,465
2026-09-27 22:17:00,30.0,82.5,355,463
2026-09-27 22:17:05,30.0,82.5,378,463
2026-09-27 22:17:11,30.0,82.6,337,464
2026-09-27 22:17:16,30.0,82.5,347,463
2026-09-27 22:17:21,30.0,82.5,368,464
2026-09-27 22:17:26,30.0,82.5,355,466
2026-09-27 22:17:31,30.0,82.5,357,462
2026-09-27 22:17:36,30.0,82.5,343,461
2026-09-27 22:17:41,30.0,82.5,337,469
2026-09-27 22:17:46,30.0,82.5,363,464
2026-09-27 22:17:52,30.0,82.5,352,462
2026-09-27 22:17:57,30.0,82.5,361,453
2026-09-27 22:18:02,30.0,82.4,356,464
2026-09-27 22:18:07,30.0,82.4,347,460
2026-09-27 22:18:12,30.0,82.5,356,465
2026-09-27 22:18:17,30.0,82.7,362,465
2026-09-27 22:18:22,30.0,82.7,351,464
2026-09-27 22:18:27,30.0,82.7,347,462
2026-09-27 22:18:33,30.0,82.7,354,464
2026-09-27 22:18:38,30.0,82.7,339,464
2026-09-27 22:18:43,30.0,82.7,337,455
2026-09-27 22:18:48,30.0,82.6,368,464
2026-09-27 22:18:53,30.0,82.6,345,467
2026-09-27 22:18:58,30.0,82.7,358,461
2026-09-27 22:19:03,30.0,82.7,350,458
2026-09-27 22:19:08,30.0,82.7,355,464
2026-09-27 22:19:14,30.0,82.7,357,462
2026-09-27 22:19:19,30.0,82.7,361,465
2026-09-27 22:19:24,30.0,82.7,353,463
2026-09-27 22:19:29,30.0,82.6,352,464
2026-09-27 22:19:34,30.0,82.6,359,465
2026-09-27 22:19:39,30.0,82.4,367,454
2026-09-27 22:19:45,29.9,82.5,365,464
2026-09-27 22:19:50,29.9,82.5,362,464
2026-09-27 22:19:55,30.0,82.5,357,464
2026-09-27 22:20:00,30.0,82.5,351,468
2026-09-27 22:20:05,30.0,82.5,349,463
2026-09-27 22:20:10,30.0,82.5,349,465
2026-09-27 22:20:15,30.0,82.5,339,465
2026-09-27 22:20:20,30.0,82.5,358,461
2026-09-27 22:20:26,30.0,82.5,368,464
2026-09-27 22:20:31,30.0,82.6,363,464
2026-09-27 22:20:36,29.9,82.5,350,467
2026-09-27 22:20:41,30.0,82.6,354,458
2026-09-27 22:20:46,29.9,82.6,366,464
2026-09-27 22:20:51,30.0,82.6,362,462
2026-09-27 22:20:56,30.0,82.6,369,464
2026-09-27 22:21:02,30.0,82.5,359,471
2026-09-27 22:21:07,29.9,82.4,347,467
2026-09-27 22:21:12,30.0,82.4,359,457
2026-09-27 22:21:17,30.0,82.3,368,464
2026-09-27 22:21:22,30.0,82.4,354,465
2026-09-27 22:21:27,30.0,82.3,359,464
2026-09-27 22:21:32,30.0,82.4,358,464
2026-09-27 22:21:37,29.9,82.3,368,464
2026-09-27 22:21:43,30.0,82.4,360,460
2026-09-27 22:21:48,29.9,82.4,359,464
2026-09-27 22:21:53,30.0,82.4,368,470
2026-09-27 22:21:58,30.0,82.5,357,461
2026-09-27 22:22:03,30.0,82.5,353,461
2026-09-27 22:22:08,30.0,82.4,361,464
2026-09-27 22:22:13,30.0,82.5,363,464
2026-09-27 22:22:18,30.0,82.6,350,459
2026-09-27 22:22:24,30.0,82.6,368,464
2026-09-27 22:22:29,30.0,82.6,368,465
2026-09-27 22:22:34,29.9,82.6,359,464
2026-09-27 22:22:39,29.9,82.6,354,464
2026-09-27 22:22:44,30.0,82.6,356,462
2026-09-27 22:22:49,30.0,82.5,355,453
2026-09-27 22:22:54,30.0,82.5,366,462
2026-09-27 22:23:00,29.9,82.4,367,463
2026-09-27 22:23:05,29.9,82.4,355,465
2026-09-27 22:23:10,29.9,82.3,350,461
2026-09-27 22:23:15,29.9,82.3,345,462
2026-09-27 22:23:20,29.9,82.4,355,464
2026-09-27 22:23:25,29.9,82.4,361,464
2026-09-27 22:23:30,29.9,82.5,368,464
2026-09-27 22:23:36,30.0,82.5,368,459
2026-09-27 22:23:41,30.0,82.4,368,453
2026-09-27 22:23:46,30.0,82.5,365,463
2026-09-27 22:23:54,29.9,82.4,368,465
2026-09-27 22:24:00,29.9,82.4,360,463
2026-09-27 22:24:05,30.0,82.4,368,464
2026-09-27 22:24:20,30.0,82.4,365,458
2026-09-27 22:24:25,30.0,82.4,368,464
2026-09-27 22:24:30,29.9,82.5,368,464
2026-09-27 22:24:35,29.9,82.5,362,468
2026-09-27 22:24:41,30.0,82.6,353,465
2026-09-27 22:24:46,30.0,82.6,371,464
2026-09-27 22:24:51,30.0,82.6,366,464
2026-09-27 22:24:56,30.0,82.5,365,465
2026-09-27 22:25:01,29.9,82.5,355,463
2026-09-27 22:25:06,29.9,82.4,360,465
2026-09-27 22:25:11,30.0,82.4,337,466
2026-09-27 22:25:16,29.9,82.4,368,464
2026-09-27 22:25:22,29.9,82.4,360,465
2026-09-27 22:25:27,30.0,82.4,359,460
2026-09-27 22:25:32,29.9,82.4,355,464
2026-09-27 22:25:37,29.9,82.4,367,464
2026-09-27 22:25:42,30.0,82.3,337,464
2026-09-27 22:25:47,29.9,82.4,362,467
2026-09-27 22:25:52,29.9,82.5,368,464
2026-09-27 22:25:57,30.0,82.5,359,459
2026-09-27 22:26:03,30.0,82.5,368,467
2026-09-27 22:26:08,29.9,82.5,357,465
2026-09-27 22:26:13,29.9,82.5,373,462
2026-09-27 22:26:18,29.9,82.5,363,464
2026-09-27 22:26:23,30.0,82.5,362,462
2026-09-27 22:26:28,29.9,82.6,356,467
2026-09-27 22:26:33,30.0,82.6,368,464
2026-09-27 22:26:39,29.9,82.6,363,464
2026-09-27 22:26:44,29.9,82.5,378,467
2026-09-27 22:26:49,29.9,82.5,368,463
2026-09-27 22:26:54,30.0,82.4,368,464
2026-09-27 22:26:59,29.9,82.4,343,464
2026-09-27 22:27:04,29.9,82.4,355,461
2026-09-27 22:27:09,30.0,82.3,373,464
2026-09-27 22:27:14,30.0,82.4,368,464
2026-09-27 22:27:20,29.9,82.3,365,463
2026-09-27 22:27:25,29.9,82.4,363,467
2026-09-27 22:27:30,29.9,82.4,370,469
2026-09-27 22:27:35,29.9,82.5,368,464
2026-09-27 22:27:40,29.9,82.4,353,463
2026-09-27 22:27:45,29.9,82.3,358,461
2026-09-27 22:27:50,29.9,82.4,366,467
2026-09-27 22:27:55,30.0,82.4,374,467
2026-09-27 22:28:00,29.9,82.4,350,464
2026-09-27 22:28:06,29.9,82.5,367,464
2026-09-27 22:28:11,29.9,82.5,363,464
2026-09-27 22:28:16,29.9,82.4,371,464
2026-09-27 22:28:21,30.0,82.5,351,461
2026-09-27 22:28:26,29.9,82.5,368,461
2026-09-27 22:28:31,29.9,82.5,357,461
2026-09-27 22:28:36,29.9,82.5,352,463
2026-09-27 22:28:42,30.0,82.5,369,465
2026-09-27 22:28:47,29.9,82.5,355,468
2026-09-27 22:28:52,29.9,82.5,371,464
2026-09-27 22:28:57,29.9,82.6,377,464
2026-09-27 22:29:02,30.0,82.6,352,466
2026-09-27 22:29:07,29.9,82.6,368,460
2026-09-27 22:29:12,29.9,82.6,362,465
2026-09-27 22:29:17,30.0,82.6,357,464
2026-09-27 22:29:23,29.9,82.6,355,461
2026-09-27 22:29:28,29.9,82.5,355,467
2026-09-27 22:29:33,29.9,82.5,353,465
2026-09-27 22:29:38,30.0,82.4,363,462
2026-09-27 22:29:43,30.0,82.4,369,470
2026-09-27 22:29:48,29.9,82.4,361,467
2026-09-27 22:29:53,29.9,82.5,361,462
2026-09-27 22:29:58,29.9,82.5,368,463
2026-09-27 22:30:04,30.0,82.4,361,463
2026-09-27 22:30:09,29.9,82.4,368,464
2026-09-27 22:30:14,29.9,82.5,362,462
2026-09-27 22:30:19,29.9,82.5,357,463
2026-09-27 22:30:24,30.0,82.5,358,464
2026-09-27 22:30:29,29.9,82.5,361,464
2026-09-27 22:30:34,30.0,82.4,371,466
2026-09-27 22:30:40,29.9,82.5,368,466
2026-09-27 22:30:45,29.9,82.5,367,466
2026-09-27 22:30:50,29.9,82.5,363,471
2026-09-27 22:30:55,30.0,82.5,367,466
2026-09-27 22:31:00,29.9,82.6,359,466
2026-09-27 22:31:05,29.9,82.6,359,467
2026-09-27 22:31:10,29.9,82.6,366,465
2026-09-27 22:31:16,29.9,82.6,356,464
2026-09-27 22:31:21,29.9,82.6,370,463
2026-09-27 22:31:26,29.9,82.5,368,464
2026-09-27 22:31:31,30.0,82.5,355,466
2026-09-27 22:31:36,29.9,82.4,344,464
2026-09-27 22:31:41,29.9,82.4,351,460
2026-09-27 22:31:46,29.9,82.3,362,458
2026-09-27 22:31:52,29.9,82.3,347,464
2026-09-27 22:31:57,29.9,82.4,352,457
2026-09-27 22:32:02,29.9,82.4,369,464
2026-09-27 22:32:07,29.9,82.4,357,466
2026-09-27 22:32:12,29.9,82.4,352,459
2026-09-27 22:32:17,29.9,82.4,373,464
2026-09-27 22:32:22,29.9,82.5,368,464
2026-09-27 22:32:28,29.9,82.5,369,464
2026-09-27 22:32:33,29.9,82.4,357,464
2026-09-27 22:32:38,29.9,82.4,347,461
2026-09-27 22:32:43,29.9,82.5,358,457
2026-09-27 22:32:48,29.9,82.5,372,466
2026-09-27 22:32:53,29.9,82.5,368,464
2026-09-27 22:32:58,29.9,82.6,371,465
2026-09-27 22:33:03,29.9,82.6,369,464
2026-09-27 22:33:09,29.9,82.6,363,465
2026-09-27 22:33:14,29.9,82.6,368,465
2026-09-27 22:33:19,29.9,82.5,356,458
2026-09-27 22:33:24,29.9,82.4,365,459
2026-09-27 22:33:29,29.9,82.5,369,464
2026-09-27 22:33:34,29.9,82.5,368,464
2026-09-27 22:33:39,29.9,82.6,359,466
2026-09-27 22:33:45,29.9,82.5,357,454
2026-09-27 22:33:50,29.9,82.6,370,465
2026-09-27 22:33:55,29.9,82.6,368,464
2026-09-27 22:34:00,29.9,82.6,371,468
2026-09-27 22:34:05,30.0,82.6,379,464
2026-09-27 22:34:10,29.9,82.7,372,461
2026-09-27 22:34:15,29.9,82.6,359,460
2026-09-27 22:34:20,29.9,82.6,368,464
2026-09-27 22:34:25,29.9,82.6,369,460
2026-09-27 22:34:31,29.9,82.6,371,463
2026-09-27 22:34:36,29.9,82.5,385,465
2026-09-27 22:34:41,29.9,82.6,370,464
2026-09-27 22:34:46,29.9,82.5,355,463
2026-09-27 22:34:51,29.9,82.5,358,460
2026-09-27 22:34:56,29.9,82.6,372,464
2026-09-27 22:35:01,29.9,82.5,367,468
2026-09-27 22:35:06,29.9,82.5,365,464
2026-09-27 22:35:12,29.9,82.4,368,463
2026-09-27 22:35:17,29.9,82.4,363,464
2026-09-27 22:35:22,29.9,82.4,373,459
2026-09-27 22:35:27,29.9,82.4,366,455
2026-09-27 22:35:32,29.9,82.5,365,463
2026-09-27 22:35:37,29.9,82.4,365,462
2026-09-27 22:35:42,29.9,82.4,361,458
2026-09-27 22:35:48,29.9,82.5,362,466
2026-09-27 22:35:53,30.0,82.4,368,464
2026-09-27 22:35:58,29.9,82.5,368,464
2026-09-27 22:36:03,29.9,82.6,365,461
2026-09-27 22:36:08,29.9,82.7,345,464
2026-09-27 22:36:13,29.9,82.7,368,461
2026-09-27 22:36:19,29.9,82.7,361,464
2026-09-27 22:36:24,29.9,82.6,365,462
2026-09-27 22:36:29,29.9,82.6,365,464
2026-09-27 22:36:34,29.9,82.6,368,464
2026-09-27 22:36:39,29.9,82.6,368,464
2026-09-27 22:36:44,29.9,82.6,365,464
2026-09-27 22:36:50,29.9,82.5,368,463
2026-09-27 22:36:55,30.0,82.6,365,465
2026-09-27 22:37:00,29.9,82.5,372,459
2026-09-27 22:37:05,29.9,82.5,357,465
2026-09-27 22:37:10,29.9,82.7,353,463
2026-09-27 22:37:15,29.9,82.5,363,465
2026-09-27 22:37:20,29.9,82.5,365,461
2026-09-27 22:37:25,29.9,82.4,374,460
2026-09-27 22:37:30,29.9,82.3,370,465
2026-09-27 22:37:36,29.9,82.3,361,459
2026-09-27 22:37:41,29.9,82.3,350,458
2026-09-27 22:37:46,29.9,82.3,374,464
2026-09-27 22:37:51,29.9,82.3,364,465
2026-09-27 22:37:56,29.9,82.3,358,465
2026-09-27 22:38:02,29.9,82.3,372,464
2026-09-27 22:38:07,29.9,82.3,363,471
2026-09-27 22:38:12,29.9,82.3,361,464
2026-09-27 22:38:17,29.9,82.3,368,465
2026-09-27 22:38:22,29.9,82.3,367,464
2026-09-27 22:38:27,29.9,82.4,358,464
2026-09-27 22:38:32,29.9,82.5,372,461
2026-09-27 22:38:37,29.9,82.5,353,457
2026-09-27 22:38:42,29.9,82.6,346,462
2026-09-27 22:38:48,29.9,82.6,368,460
2026-09-27 22:38:53,29.9,82.6,366,464
2026-09-27 22:38:58,29.9,82.6,368,462
2026-09-27 22:39:03,29.9,82.6,369,459
2026-09-27 22:39:08,29.9,82.5,360,469
2026-09-27 22:39:13,29.9,82.5,366,464
2026-09-27 22:39:18,29.9,82.4,362,465
2026-09-27 22:39:23,29.9,82.5,364,449
2026-09-27 22:39:28,29.9,82.4,357,464
2026-09-27 22:39:34,29.9,82.4,384,464
2026-09-27 22:39:39,29.9,82.5,362,465
2026-09-27 22:39:44,29.9,82.5,370,457
2026-09-27 22:39:49,29.9,82.6,355,459
2026-09-27 22:39:54,29.9,82.6,366,462
2026-09-27 22:39:59,29.9,82.6,370,455
2026-09-27 22:40:05,29.9,82.6,367,458
2026-09-27 22:40:10,29.9,82.6,363,458
2026-09-27 22:40:15,29.9,82.6,355,458
2026-09-27 22:40:20,29.9,82.7,357,463
2026-09-27 22:40:25,29.9,82.6,365,464
2026-09-27 22:40:30,29.9,82.5,359,464
2026-09-27 22:40:35,29.9,82.4,367,464
2026-09-27 22:40:41,29.9,82.4,366,464
2026-09-27 22:40:46,29.9,82.3,367,464
2026-09-27 22:40:51,29.9,82.4,375,461
2026-09-27 22:40:56,29.9,82.4,364,463
2026-09-27 22:41:01,29.9,82.4,368,460
2026-09-27 22:41:06,29.9,82.5,370,464
2026-09-27 22:41:11,29.9,82.5,368,462
2026-09-27 22:41:16,29.9,82.5,370,464
2026-09-27 22:41:22,29.9,82.5,368,463
2026-09-27 22:41:27,29.9,82.5,354,466
2026-09-27 22:41:32,29.9,82.5,370,467
2026-09-27 22:41:37,29.9,82.6,362,459
2026-09-27 22:41:42,29.9,82.6,360,464
2026-09-27 22:41:47,29.9,82.6,354,460
2026-09-27 22:41:52,29.9,82.6,369,452
2026-09-27 22:41:58,29.9,82.6,377,461
2026-09-27 22:42:03,29.9,82.6,367,465
2026-09-27 22:42:08,29.9,82.6,345,465
2026-09-27 22:42:13,29.9,82.4,365,464
2026-09-27 22:42:18,29.9,82.4,358,464
2026-09-27 22:42:23,29.9,82.5,368,465
2026-09-27 22:42:28,29.9,82.5,368,461
2026-09-27 22:42:34,29.9,82.4,366,468
2026-09-27 22:42:39,29.9,82.4,364,464
2026-09-27 22:42:44,29.9,82.4,366,458
2026-09-27 22:42:49,29.9,82.4,359,462
2026-09-27 22:42:55,29.9,82.4,366,456
2026-09-27 22:43:00,29.9,82.4,363,462
2026-09-27 22:43:05,29.9,82.5,362,451
2026-09-27 22:43:10,29.9,82.5,361,462
2026-09-27 22:43:15,29.9,82.4,354,464
2026-09-27 22:43:20,29.9,82.5,365,464
2026-09-27 22:43:26,29.9,82.5,366,463
2026-09-27 22:43:31,29.9,82.5,360,464
2026-09-27 22:43:36,29.9,82.6,357,462
2026-09-27 22:43:41,29.9,82.6,368,470
2026-09-27 22:43:46,29.9,82.6,367,463
2026-09-27 22:43:51,29.9,82.6,367,464
2026-09-27 22:43:56,29.9,82.6,354,464
2026-09-27 22:44:01,29.9,82.7,351,464
2026-09-27 22:44:07,29.9,82.6,355,464
2026-09-27 22:44:12,29.9,82.6,377,464
2026-09-27 22:44:17,29.9,82.6,363,463
2026-09-27 22:44:22,29.9,82.7,353,464
2026-09-27 22:44:27,29.9,82.7,362,464
2026-09-27 22:44:32,29.9,82.7,362,461
2026-09-27 22:44:38,29.9,82.7,365,464
2026-09-27 22:44:43,29.9,82.6,370,463
2026-09-27 22:44:48,29.9,82.6,359,462
2026-09-27 22:44:53,29.9,82.6,347,458
2026-09-27 22:44:58,29.9,82.5,368,464
2026-09-27 22:45:03,29.9,82.6,362,471
2026-09-27 22:45:08,29.9,82.6,368,465
2026-09-27 22:45:14,29.9,82.7,370,465
2026-09-27 22:45:19,29.9,82.6,349,464
2026-09-27 22:45:24,29.9,82.6,356,458
2026-09-27 22:45:30,29.9,82.5,358,464
2026-09-27 22:45:35,29.9,82.5,368,465
2026-09-27 22:45:41,29.9,82.6,357,461
2026-09-27 22:45:46,29.9,82.7,354,464
2026-09-27 22:45:51,29.9,82.6,360,464
2026-09-27 22:45:56,29.9,82.7,361,466
2026-09-27 22:46:01,29.9,82.6,363,473
2026-09-27 22:46:07,29.9,82.6,364,463
2026-09-27 22:46:12,29.9,82.6,359,461
2026-09-27 22:46:17,29.9,82.6,353,462
2026-09-27 22:46:22,29.9,82.6,362,464
2026-09-27 22:46:27,29.9,82.6,355,462
2026-09-27 22:46:32,29.9,82.5,368,450
2026-09-27 22:46:38,29.9,82.5,353,458
2026-09-27 23:45:26,29.9,82.5,354,462
2026-09-27 23:45:26,29.9,82.5,356,450
2026-09-27 23:45:26,29.9,82.6,357,463
2026-09-27 23:45:26,29.9,82.6,366,462
2026-09-27 23:45:26,29.9,82.8,368,455
2026-09-27 23:45:26,29.9,82.8,371,463
2026-09-27 23:45:26,29.9,82.7,368,463
2026-09-27 23:45:26,29.9,82.7,357,459
2026-09-27 23:45:26,29.9,82.7,368,461
2026-09-27 23:45:26,29.9,82.7,357,459
2026-09-27 23:45:26,29.9,82.6,371,459
2026-09-27 23:45:26,29.9,82.6,365,464
2026-09-27 23:45:27,29.9,82.7,363,463
2026-09-27 23:45:27,29.9,82.7,371,463
2026-09-27 23:45:27,29.9,82.8,363,453
2026-09-27 23:45:27,29.9,82.7,358,454
2026-09-27 23:45:27,29.9,82.7,370,464
2026-09-27 23:45:27,29.9,82.7,368,458
2026-09-27 23:45:27,29.9,82.7,368,461
2026-09-27 23:45:27,29.9,82.7,367,453
2026-09-27 23:45:27,29.9,82.7,365,470
2026-09-27 23:45:27,29.9,82.7,354,467
2026-09-27 23:45:27,29.9,82.7,369,465
2026-09-27 23:45:27,29.9,82.7,369,469
2026-09-27 23:45:27,29.9,82.8,368,470
2026-09-27 23:45:27,29.9,82.7,362,465
2026-09-27 23:45:27,29.9,82.7,372,467
2026-09-27 23:45:27,29.9,82.7,368,468
2026-09-27 23:45:27,29.9,82.6,368,467
2026-09-27 23:45:27,29.9,82.6,359,464
2026-09-27 23:45:27,29.9,82.7,365,468
2026-09-27 23:45:27,29.9,82.7,364,470
2026-09-27 23:45:27,29.9,82.7,364,469
2026-09-27 23:45:27,29.9,82.7,365,468
2026-09-27 23:45:27,29.9,82.7,368,469
2026-09-27 23:45:27,29.9,82.6,366,465
2026-09-27 23:45:27,29.9,82.5,367,464
2026-09-27 23:45:27,29.9,82.6,368,473
2026-09-27 23:45:27,29.9,82.7,353,469
2026-09-27 23:45:27,29.9,82.7,363,469
2026-09-27 23:45:27,29.9,82.7,359,465
2026-09-27 23:45:27,29.9,82.6,354,471
2026-09-27 23:45:27,29.9,82.6,361,465
2026-09-27 23:45:27,29.9,82.5,367,473
2026-09-27 23:45:27,29.9,82.5,360,467
2026-09-27 23:45:27,29.9,82.5,362,464
2026-09-27 23:45:27,29.9,82.6,355,463
2026-09-27 23:45:27,29.9,82.7,358,466
2026-09-27 23:45:27,29.9,82.7,368,470
2026-09-27 23:45:27,29.9,82.7,355,471
2026-09-27 23:45:27,29.9,82.7,359,464
2026-09-27 23:45:27,29.9,82.6,355,473
2026-09-27 23:45:27,29.9,82.6,350,471
2026-09-27 23:45:27,29.9,82.5,353,470
2026-09-27 23:45:27,29.9,82.5,347,467
2026-09-27 23:45:27,29.9,82.4,360,464
2026-09-27 23:45:27,29.9,82.4,359,471
2026-09-27 23:45:27,29.8,82.4,368,467
2026-09-27 23:45:27,29.9,82.5,358,470
2026-09-27 23:45:27,29.9,82.5,363,466
2026-09-27 23:45:27,29.9,82.6,339,468
2026-09-27 23:45:27,29.9,82.5,349,465
2026-09-27 23:45:27,29.9,82.5,358,468
2026-09-27 23:45:27,29.9,82.6,368,467
2026-09-27 23:45:27,29.9,82.6,352,465
2026-09-27 23:45:27,29.9,82.5,357,465
2026-09-27 23:45:27,29.8,82.4,363,474
2026-09-27 23:45:27,29.9,82.4,366,468
2026-09-27 23:45:27,29.8,82.5,358,468
2026-09-27 23:45:27,29.9,82.5,367,470
2026-09-27 23:45:27,29.9,82.5,353,464
2026-09-27 23:45:27,29.9,82.6,366,469
2026-09-27 23:45:27,29.8,82.6,372,466
2026-09-27 23:45:27,29.9,82.6,355,466
2026-09-27 23:45:27,29.9,82.6,360,470
2026-09-27 23:45:27,29.9,82.6,368,465
2026-09-27 23:45:27,29.9,82.6,351,466
2026-09-27 23:45:27,29.9,82.5,359,473
2026-09-27 23:45:27,29.9,82.4,354,462
2026-09-27 23:45:27,29.9,82.5,359,467
2026-09-27 23:45:27,29.9,82.6,349,465
2026-09-27 23:45:27,29.9,82.6,351,470
2026-09-27 23:45:27,29.9,82.5,366,462
2026-09-27 23:45:27,29.9,82.5,357,470
2026-09-27 23:45:27,29.9,82.6,350,465
2026-09-27 23:45:27,29.9,82.5,354,466
2026-09-27 23:45:27,29.9,82.6,355,464
2026-09-27 23:45:27,29.9,82.6,366,470
2026-09-27 23:45:27,29.9,82.6,355,462
2026-09-27 23:45:27,29.9,82.5,361,464
2026-09-27 23:45:27,29.9,82.5,363,464
2026-09-27 23:45:27,29.9,82.5,355,467
2026-09-27 23:45:27,29.9,82.5,368,469
2026-09-27 23:45:27,29.9,82.4,373,466
2026-09-27 23:45:27,29.9,82.4,367,465
2026-09-27 23:45:27,29.9,82.4,356,465
2026-09-27 23:45:27,29.9,82.3,368,465
2026-09-27 23:45:27,29.9,82.4,343,464
2026-09-27 23:45:27,29.9,82.5,357,462
2026-09-27 23:45:27,29.9,82.6,355,469
2026-09-27 23:45:27,29.9,82.6,365,464
2026-09-27 23:45:27,29.8,82.5,368,469
2026-09-27 23:45:27,29.9,82.5,346,467
2026-09-27 23:45:27,29.9,82.4,366,469
2026-09-27 23:45:27,29.9,82.5,358,464
2026-09-27 23:45:27,29.9,82.4,348,463
2026-09-27 23:45:27,29.9,82.5,364,464
2026-09-27 23:45:27,29.9,82.5,355,465
2026-09-27 23:45:27,29.9,82.5,361,466
2026-09-27 23:45:27,29.9,82.6,357,461
2026-09-27 23:45:27,29.9,82.6,354,467
2026-09-27 23:45:27,29.9,82.5,368,464
2026-09-27 23:45:27,29.9,82.4,367,463
2026-09-27 23:45:27,29.8,82.3,362,466
2026-09-27 23:45:27,29.9,82.3,396,464
2026-09-27 23:45:27,29.9,82.5,358,477
2026-09-27 23:45:27,29.9,82.5,349,464
2026-09-27 23:45:27,29.9,82.5,362,464
2026-09-27 23:45:27,29.9,82.5,365,466
2026-09-27 23:45:27,29.9,82.4,339,469
2026-09-27 23:45:27,29.9,82.5,345,465
2026-09-27 23:45:27,29.9,82.5,365,465
2026-09-27 23:45:27,29.9,82.4,361,464
2026-09-27 23:45:27,29.9,82.5,352,466
2026-09-27 23:45:27,29.9,82.5,350,459
2026-09-27 23:45:27,29.8,82.5,347,465
2026-09-27 23:45:27,29.9,82.4,354,466
2026-09-27 23:45:27,29.9,82.4,361,451
2026-09-27 23:45:29,29.9,82.3,347,458
2026-09-27 23:45:34,29.9,82.3,358,464
2026-09-27 23:45:39,29.9,82.4,355,464
2026-09-27 23:45:44,29.9,82.4,349,464
2026-09-27 23:45:50,29.9,82.3,350,464
2026-09-27 23:45:55,29.9,82.2,357,465
2026-09-27 23:46:00,29.9,82.2,358,464
2026-09-27 23:46:05,29.9,82.3,351,464
2026-09-27 23:46:10,29.9,82.2,359,465
2026-09-27 23:46:16,29.9,82.1,350,464
2026-09-27 23:46:21,29.9,82.1,350,464
2026-09-27 23:46:26,29.9,82.1,355,465
2026-09-27 23:46:31,29.9,82.2,353,461
2026-09-27 23:46:36,29.9,82.1,356,463
2026-09-27 23:46:41,29.9,82.1,363,463
2026-09-27 23:46:46,29.9,82.1,359,464
2026-09-27 23:46:52,29.9,82.1,351,464
2026-09-27 23:46:57,29.9,82.1,360,467
2026-09-27 23:47:02,29.9,82.2,351,464
2026-09-27 23:47:07,29.9,82.2,338,462
2026-09-27 23:47:12,29.9,82.2,357,464
2026-09-27 23:47:17,29.9,82.3,347,458
2026-09-27 23:47:22,29.9,82.3,357,464
2026-09-27 23:47:27,29.9,82.2,361,469
2026-09-27 23:47:32,29.9,82.2,359,464
2026-09-27 23:47:37,29.9,82.1,351,467
2026-09-27 23:47:43,29.9,82.1,350,462
2026-09-27 23:47:48,29.9,82.1,365,464
2026-09-27 23:47:53,29.9,82.1,350,464
2026-09-27 23:47:58,29.9,82.2,351,464
2026-09-27 23:48:03,29.9,82.2,350,464
2026-09-27 23:48:08,29.9,82.2,367,464
2026-09-27 23:48:13,29.8,82.2,343,462
2026-09-27 23:48:19,29.9,82.2,349,464
2026-09-27 23:48:24,29.9,82.2,355,461
2026-09-27 23:48:29,29.8,82.2,352,462
2026-09-27 23:48:34,29.8,82.2,355,467
2026-09-27 23:48:39,29.9,82.1,355,461
2026-09-27 23:48:44,29.8,82.2,355,463
2026-09-27 23:48:50,29.8,82.3,351,464
2026-09-27 23:48:55,29.8,82.4,361,463
2026-09-27 23:49:00,29.8,82.4,354,464
2026-09-27 23:49:05,29.8,82.4,361,463
2026-09-27 23:49:10,29.9,82.3,354,459
2026-09-27 23:49:15,29.8,82.4,355,464
2026-09-27 23:49:20,29.8,82.4,352,464
2026-09-27 23:49:26,29.8,82.4,354,469
2026-09-27 23:49:31,29.8,82.4,355,464
2026-09-27 23:49:36,29.8,82.4,355,453
2026-09-27 23:49:41,29.8,82.4,359,450
2026-09-27 23:49:46,29.8,82.4,358,465
2026-09-27 23:49:51,29.8,82.4,353,465
2026-09-27 23:49:56,29.8,82.4,335,464
2026-09-27 23:50:02,29.8,82.4,356,465
2026-09-27 23:50:07,29.9,82.5,391,467
2026-09-27 23:50:12,29.9,82.4,355,467
2026-09-27 23:50:17,29.8,82.4,361,464
2026-09-27 23:50:22,29.8,82.4,350,465
2026-09-27 23:50:27,29.8,82.4,355,466
2026-09-27 23:50:32,29.8,82.5,354,471
2026-09-27 23:50:37,29.9,82.4,352,465
2026-09-27 23:50:43,29.9,82.4,329,464
2026-09-27 23:50:50,29.8,82.4,351,452
2026-09-27 23:50:56,29.9,82.4,349,467
2026-09-27 23:51:01,29.9,82.4,356,470
2026-09-27 23:51:06,29.9,82.4,358,464
2026-09-27 23:51:11,29.9,82.3,354,471
2026-09-27 23:51:16,29.9,82.3,351,469
2026-09-27 23:51:21,29.9,82.3,357,464
2026-09-27 23:51:26,29.9,82.3,350,467
2026-09-27 23:51:32,29.9,82.2,347,459
2026-09-27 23:51:37,29.9,82.2,355,348
2026-09-27 23:51:42,29.9,82.2,350,462
2026-09-27 23:51:47,29.9,82.3,354,464
2026-09-27 23:51:52,29.9,82.3,347,464
2026-09-27 23:51:57,29.9,82.2,355,467
2026-09-27 23:52:02,29.9,82.3,357,466
2026-09-27 23:52:08,29.9,82.2,347,464
2026-09-27 23:52:13,29.9,82.2,353,465
2026-09-27 23:52:18,29.9,82.4,353,465
2026-09-27 23:52:23,29.9,82.3,355,469
2026-09-27 23:52:28,29.9,82.3,338,470
2026-09-27 23:52:34,29.9,82.3,346,466
2026-09-27 23:52:39,29.9,82.4,341,465
2026-09-27 23:52:44,29.9,82.4,339,467
2026-09-27 23:52:49,29.9,82.3,336,474
2026-09-27 23:52:54,29.9,82.3,363,467
2026-09-27 23:52:59,29.9,82.3,355,468
2026-09-27 23:53:05,30.0,82.3,347,464
2026-09-27 23:53:10,30.0,82.2,355,471
2026-09-27 23:53:15,30.0,82.1,360,469
2026-09-27 23:53:20,30.0,82.1,345,464
2026-09-27 23:53:25,30.0,82.1,355,466
2026-09-27 23:53:30,30.0,82.1,337,465
2026-09-27 23:53:36,30.0,82.1,342,468
2026-09-27 23:53:41,30.0,82.1,349,470
2026-09-27 23:53:46,30.0,82.8,358,470
2026-09-27 23:53:51,30.0,82.0,358,464
2026-09-27 23:53:56,30.0,81.9,355,464
2026-09-27 23:54:01,30.0,82.0,355,470
2026-09-27 23:54:06,30.0,81.9,347,469
2026-09-27 23:54:11,30.0,82.6,349,471
2026-09-27 23:54:16,30.0,82.6,349,473
2026-09-27 23:54:22,30.0,82.6,358,467
2026-09-27 23:54:27,30.1,82.6,355,468
2026-09-27 23:54:32,30.1,82.6,357,471
2026-09-27 23:54:37,30.1,82.5,352,469
2026-09-27 23:54:42,30.1,82.6,355,470
2026-09-27 23:54:47,30.1,82.5,349,464
2026-09-27 23:54:52,30.1,82.5,347,470
2026-09-27 23:54:58,30.1,82.6,350,469
2026-09-27 23:55:03,30.1,82.6,353,472
2026-09-27 23:55:08,30.1,82.6,346,467
2026-09-27 23:55:13,30.1,82.6,347,466
2026-09-27 23:55:18,30.1,82.6,355,465
2026-09-27 23:55:23,30.0,82.6,345,471
2026-09-27 23:55:28,30.1,82.6,352,468
2026-09-27 23:55:33,30.1,82.6,348,467
2026-09-27 23:55:39,30.0,82.6,353,471
2026-09-27 23:55:44,30.0,82.6,354,477
2026-09-27 23:55:49,30.1,82.7,358,471
2026-09-27 23:55:54,30.1,82.6,349,465
2026-09-27 23:55:59,30.1,82.6,349,470
2026-09-27 23:56:04,30.1,82.6,357,471
2026-09-27 23:56:10,30.1,82.5,355,473
2026-09-27 23:56:15,30.1,82.5,351,470
2026-09-27 23:56:20,30.1,82.6,353,469
2026-09-27 23:56:25,30.1,82.6,346,464
2026-09-27 23:56:30,30.1,82.5,355,473
2026-09-27 23:56:35,30.1,82.5,374,475
2026-09-27 23:56:40,30.1,82.5,344,474
2026-09-27 23:56:46,30.1,82.5,336,470
2026-09-27 23:56:51,30.1,82.5,346,466
2026-09-27 23:56:56,30.1,82.4,339,473
2026-09-27 23:57:01,30.1,82.5,353,469
2026-09-27 23:57:06,30.1,82.4,345,464
2026-09-27 23:57:11,30.1,82.4,334,471
2026-09-27 23:57:16,30.1,82.5,331,472
2026-09-27 23:57:22,30.1,82.5,357,469
2026-09-27 23:57:27,30.1,82.5,353,471
2026-09-27 23:57:32,30.1,82.5,348,469
2026-09-27 23:57:37,30.1,82.6,341,472
2026-09-27 23:57:42,30.1,82.5,347,464
2026-09-27 23:57:47,30.1,82.5,354,469
2026-09-27 23:57:52,30.1,82.6,342,462
2026-09-27 23:57:57,30.0,82.5,370,468
2026-09-27 23:58:02,30.1,82.6,357,466
2026-09-27 23:58:08,30.1,82.6,352,466
2026-09-27 23:58:13,30.1,82.6,346,467
2026-09-27 23:58:18,30.1,82.6,350,468
2026-09-27 23:58:23,30.1,82.6,357,472
2026-09-27 23:58:28,30.1,82.6,363,470
2026-09-27 23:58:33,30.1,82.6,339,471
2026-09-27 23:58:38,30.1,82.7,353,467
2026-09-27 23:58:43,30.1,82.6,354,470
2026-09-27 23:58:48,30.1,82.7,355,470
2026-09-27 23:58:54,30.1,82.7,347,464
2026-09-27 23:58:59,30.1,82.8,339,471
2026-09-27 23:59:04,30.1,82.7,331,474
2026-09-27 23:59:09,30.1,82.7,350,465
2026-09-27 23:59:14,30.1,82.7,353,474
2026-09-27 23:59:19,30.1,82.7,329,465
2026-09-27 23:59:24,30.1,82.7,356,474
2026-09-27 23:59:29,30.1,82.8,348,471
2026-09-27 23:59:35,30.1,82.7,354,465
2026-09-27 23:59:40,30.1,82.7,349,465
2026-09-27 23:59:45,30.1,82.7,359,466
2026-09-27 23:59:50,30.1,82.7,347,471
2026-09-27 23:59:55,30.1,82.8,357,465
2026-09-28 00:00:00,30.1,82.8,354,468
2026-09-28 00:00:05,30.1,82.8,343,464
2026-09-28 00:00:10,30.1,82.8,346,467
2026-09-28 00:00:15,30.1,82.7,351,465
2026-09-28 00:00:20,30.1,82.8,354,464
2026-09-28 00:00:26,30.1,82.8,355,471
2026-09-28 00:00:31,30.0,82.8,346,464
2026-09-28 00:00:36,30.0,82.9,353,467
2026-09-28 00:00:41,30.1,82.9,347,464
2026-09-28 00:00:46,30.1,82.9,350,467
2026-09-28 00:00:51,30.1,82.9,354,468
2026-09-28 00:00:56,30.0,82.9,356,471
2026-09-28 00:01:01,30.0,82.9,347,466
2026-09-28 00:01:07,30.0,83.0,354,464
2026-09-28 00:01:12,30.0,82.9,354,468
2026-09-28 00:01:17,30.0,82.2,341,466
2026-09-28 00:01:22,30.0,82.9,363,464
2026-09-28 00:01:27,30.0,82.2,352,471
2026-09-28 00:01:32,30.0,82.3,341,467
2026-09-28 00:01:37,30.0,82.2,351,464
2026-09-28 00:01:43,30.0,82.2,352,466
2026-09-28 00:01:48,30.0,82.2,339,465
2026-09-28 00:01:53,30.0,82.2,349,470
2026-09-28 00:01:58,30.0,82.2,359,463
2026-09-28 00:02:03,30.0,82.3,337,463
2026-09-28 00:02:08,30.0,82.4,336,462
2026-09-28 00:02:13,30.0,82.3,351,465
2026-09-28 00:02:18,30.0,82.3,363,471
2026-09-28 00:02:24,30.0,82.4,352,470
2026-09-28 00:02:29,30.0,82.4,366,466
2026-09-28 00:02:34,30.0,82.4,362,467
2026-09-28 00:02:39,30.0,82.4,343,465
2026-09-28 00:02:44,30.0,82.4,360,462
2026-09-28 00:02:49,30.0,82.3,346,464
2026-09-28 00:02:55,30.0,82.4,353,463
2026-09-28 00:03:00,30.0,82.4,361,465
2026-09-28 00:03:05,30.0,82.4,355,473
2026-09-28 00:03:10,30.0,82.4,368,467
2026-09-28 00:03:15,30.0,82.4,354,466
2026-09-28 00:03:20,30.0,82.4,349,467
2026-09-28 00:03:25,30.0,82.4,368,469
2026-09-28 00:03:30,30.0,82.4,349,464
2026-09-28 00:03:35,30.0,82.5,338,467
2026-09-28 00:03:41,30.0,82.4,338,464
2026-09-28 00:03:46,30.0,82.4,352,470
2026-09-28 00:03:51,30.0,82.4,351,465
2026-09-28 00:03:56,30.0,82.4,349,464
2026-09-28 00:04:01,30.0,82.5,358,470
2026-09-28 00:04:06,30.0,82.4,354,470
2026-09-28 00:04:12,30.0,82.4,355,467
2026-09-28 00:04:17,30.0,82.5,361,467
2026-09-28 00:04:22,30.0,82.4,352,468
2026-09-28 00:04:27,30.0,82.5,368,467
2026-09-28 00:04:32,30.0,82.5,362,469
2026-09-28 00:04:37,30.0,82.5,347,466
2026-09-28 00:04:42,30.0,82.4,356,475
2026-09-28 00:04:47,30.0,82.4,349,469
2026-09-28 00:04:53,29.9,82.5,355,464
2026-09-28 00:04:58,30.0,82.4,346,466
2026-09-28 00:05:03,30.0,82.4,341,469
2026-09-28 00:05:08,30.0,82.3,364,465
2026-09-28 00:05:13,30.0,82.4,350,467
2026-09-28 00:05:18,30.0,82.4,355,464
2026-09-28 00:05:23,30.0,82.3,354,464
2026-09-28 00:05:28,30.0,82.3,353,464
2026-09-28 00:05:34,30.0,82.4,359,469
2026-09-28 00:05:39,30.0,82.4,358,465
2026-09-28 00:05:44,30.0,82.3,351,466
2026-09-28 00:05:49,30.0,82.3,344,468
2026-09-28 00:05:54,30.0,82.1,358,464
2026-09-28 00:05:59,30.0,82.9,350,464
2026-09-28 00:06:04,30.0,82.9,341,470
2026-09-28 00:06:09,30.0,82.1,361,466
2026-09-28 00:06:15,30.0,82.9,343,470
2026-09-28 00:06:20,30.0,82.9,358,467
2026-09-28 00:06:25,30.0,82.9,357,465
2026-09-28 00:06:30,30.0,82.9,351,467
2026-09-28 00:06:35,30.0,82.9,351,465
2026-09-28 00:06:40,30.0,82.9,347,467
2026-09-28 00:06:46,30.0,82.1,351,464
2026-09-28 00:06:51,30.0,82.1,351,471
2026-09-28 00:06:56,30.0,82.2,339,471
2026-09-28 00:07:01,30.0,82.2,352,470
2026-09-28 00:07:06,30.0,82.2,368,468
2026-09-28 00:07:11,30.0,82.2,350,473
2026-09-28 00:07:16,30.0,82.2,358,474
2026-09-28 00:07:21,30.0,82.2,371,469
2026-09-28 00:07:27,30.0,82.2,343,469
2026-09-28 00:07:32,30.0,82.2,350,473
2026-09-28 00:07:37,30.0,82.3,362,469
2026-09-28 00:07:42,30.0,82.3,347,468
2026-09-28 00:07:47,30.0,82.3,357,464
2026-09-28 00:07:52,30.0,82.3,348,467
2026-09-28 00:07:58,30.0,82.3,352,467
2026-09-28 00:08:03,30.0,82.3,353,467
2026-09-28 00:08:08,30.0,82.3,342,473
2026-09-28 00:08:13,30.0,82.3,357,469
2026-09-28 00:08:18,30.0,82.3,355,469
2026-09-28 00:08:23,30.0,82.3,357,464
2026-09-28 00:08:28,30.0,82.3,358,467
2026-09-28 00:08:34,30.0,82.3,353,467
2026-09-28 00:08:39,30.0,82.3,354,467
2026-09-28 00:08:44,30.0,82.3,368,467
2026-09-28 00:08:49,30.0,82.3,349,465
2026-09-28 00:08:54,30.0,82.3,346,469
2026-09-28 00:08:59,30.0,82.3,361,470
2026-09-28 00:09:04,30.0,82.2,338,466
2026-09-28 00:09:10,30.0,82.3,348,468
2026-09-28 00:09:15,30.0,82.2,359,470
2026-09-28 00:09:20,30.0,82.2,344,469
2026-09-28 00:09:25,30.0,82.2,352,467
2026-09-28 00:09:30,30.0,82.3,359,467
2026-09-28 00:09:35,30.0,82.2,338,467
2026-09-28 00:09:40,30.0,82.3,354,474
2026-09-28 00:09:45,30.0,82.3,348,464
2026-09-28 00:09:50,30.0,82.3,345,466
2026-09-28 00:09:56,30.0,82.4,356,471
2026-09-28 00:10:01,30.0,82.4,346,469
2026-09-28 00:10:06,30.0,82.3,355,469
2026-09-28 00:10:11,30.0,82.4,344,470
2026-09-28 00:10:16,30.0,82.4,337,467
2026-09-28 00:10:21,30.0,82.4,355,466
2026-09-28 00:10:26,30.0,82.4,353,468
2026-09-28 00:10:32,30.0,82.4,341,466
2026-09-28 00:10:37,30.0,82.4,354,469
2026-09-28 00:10:42,30.0,82.4,354,470
2026-09-28 00:10:47,30.0,82.4,350,468
2026-09-28 00:10:52,30.0,82.4,348,473
2026-09-28 00:10:57,30.0,82.4,354,477
2026-09-28 00:11:02,30.0,82.5,351,471
2026-09-28 00:11:07,30.0,82.4,353,467
2026-09-28 00:11:13,30.0,82.5,353,470
2026-09-28 00:11:18,30.0,82.5,347,465
2026-09-28 00:11:23,30.0,82.5,355,469
2026-09-28 00:11:28,30.0,82.4,364,476
2026-09-28 00:11:33,30.0,82.4,355,471
2026-09-28 00:11:38,30.0,82.4,346,464
2026-09-28 00:11:44,30.0,82.4,331,464
2026-09-28 00:11:49,30.0,82.5,357,470
2026-09-28 00:11:54,30.0,82.4,368,469
2026-09-28 00:11:59,30.0,82.4,358,468
2026-09-28 00:12:04,30.0,82.4,358,470
2026-09-28 00:12:09,30.0,82.4,360,464
2026-09-28 00:12:14,30.0,82.4,339,467
2026-09-28 00:12:20,30.0,82.4,338,464
2026-09-28 00:12:25,30.0,82.4,354,469
2026-09-28 00:12:30,30.0,82.4,356,465
2026-09-28 00:12:35,30.0,82.5,356,464
2026-09-28 00:12:40,30.0,83.2,384,469
2026-09-28 00:12:45,30.1,83.1,339,468
2026-09-28 00:12:51,30.0,83.2,352,465
2026-09-28 00:12:56,30.0,83.2,352,464
2026-09-28 00:13:01,30.0,82.4,349,465
2026-09-28 00:13:06,30.1,83.1,350,452
2026-09-28 00:13:11,30.1,83.1,357,471
2026-09-28 00:13:16,30.1,83.2,348,470
2026-09-28 00:13:21,30.1,83.1,354,467
2026-09-28 00:13:26,30.0,83.1,346,469
2026-09-28 00:13:32,30.0,83.1,350,468
2026-09-28 00:13:37,30.1,83.1,349,471
2026-09-28 00:13:42,30.0,83.1,365,464
2026-09-28 00:13:50,30.0,83.2,354,464
2026-09-28 00:13:55,30.0,82.4,350,466
2026-09-28 00:14:01,30.0,82.5,345,474
2026-09-28 00:14:06,30.0,83.3,363,470
2026-09-28 00:14:11,30.0,82.6,355,465
2026-09-28 00:14:16,30.0,82.6,361,464
2026-09-28 00:14:21,30.0,82.5,358,464
2026-09-28 00:14:26,30.0,82.6,344,466
2026-09-28 00:14:31,30.0,82.5,347,465
2026-09-28 00:14:37,30.0,82.6,354,465
2026-09-28 00:14:42,30.0,82.7,350,465
2026-09-28 00:14:47,30.0,82.6,358,469
2026-09-28 00:14:52,30.0,82.7,359,479
2026-09-28 00:14:57,30.0,82.7,359,465
2026-09-28 00:15:02,30.0,82.8,350,469
2026-09-28 00:15:07,30.0,82.7,357,465
2026-09-28 00:15:12,30.0,82.7,363,467
2026-09-28 00:15:18,30.0,82.7,353,467
2026-09-28 00:15:23,30.0,82.7,363,470
2026-09-28 00:15:28,30.0,82.8,337,465
2026-09-28 00:15:33,30.0,82.7,359,464
2026-09-28 00:15:39,30.0,82.7,359,469
2026-09-28 00:15:44,30.0,82.7,355,468
2026-09-28 00:15:49,30.0,83.4,360,464
2026-09-28 00:15:54,30.0,82.7,361,467
2026-09-28 00:15:59,30.0,82.7,352,470
2026-09-28 00:16:04,30.0,83.5,364,470
2026-09-28 00:16:09,30.0,83.4,355,467
2026-09-28 00:16:14,30.0,83.3,348,465
2026-09-28 00:16:20,30.1,83.4,348,469
2026-09-28 00:16:25,30.0,83.3,379,466
2026-09-28 00:16:30,30.0,83.4,380,471
2026-09-28 00:16:35,30.0,83.5,351,465
2026-09-28 00:16:40,30.1,83.5,361,466
2026-09-28 00:16:46,30.0,83.4,369,466
2026-09-28 00:16:51,30.0,83.3,336,464
2026-09-28 00:16:56,30.0,83.4,371,470
2026-09-28 00:17:01,30.0,83.5,364,464
2026-09-28 00:17:06,30.0,83.5,352,463
2026-09-28 00:17:11,30.0,83.5,363,464
2026-09-28 00:17:16,30.0,82.6,353,469
2026-09-28 00:17:22,30.0,82.6,357,466
2026-09-28 00:17:27,30.0,82.7,359,469
2026-09-28 00:17:32,30.0,83.5,364,469
2026-09-28 00:17:37,30.0,82.7,358,465
2026-09-28 00:17:42,30.0,83.4,354,465
2026-09-28 00:17:47,30.0,83.4,354,464
2026-09-28 00:17:52,30.1,83.3,349,465
2026-09-28 00:17:58,30.1,83.3,352,467
2026-09-28 00:18:03,30.0,83.3,353,469
2026-09-28 00:18:08,30.1,83.3,360,465
2026-09-28 00:18:13,30.0,82.6,350,463
2026-09-28 00:18:18,30.1,83.2,359,470
2026-09-28 00:18:24,30.0,83.2,351,464
2026-09-28 00:18:29,30.1,83.2,365,465
2026-09-28 00:18:34,30.1,83.2,361,467
2026-09-28 00:18:39,30.1,83.2,350,464
2026-09-28 00:18:44,30.0,83.2,355,464
2026-09-28 00:18:50,30.0,83.2,349,468
2026-09-28 00:18:55,30.1,83.2,377,466
2026-09-28 00:19:00,30.1,83.1,346,467
2026-09-28 00:19:05,30.1,83.2,352,466
2026-09-28 00:19:10,30.0,83.2,365,470
2026-09-28 00:19:15,30.0,83.1,353,466
2026-09-28 00:19:21,30.1,83.2,355,464
2026-09-28 00:19:26,30.0,82.4,366,468
2026-09-28 00:19:31,30.0,82.4,361,466
2026-09-28 00:19:36,30.0,83.3,359,465
2026-09-28 00:19:41,30.0,82.4,354,467
2026-09-28 00:19:46,30.0,82.5,357,463
2026-09-28 00:19:51,30.0,83.2,357,464
2026-09-28 00:19:57,30.0,83.2,347,465
2026-09-28 00:20:02,30.0,82.5,364,465
2026-09-28 00:20:07,30.0,83.2,371,466
2026-09-28 00:20:12,30.0,82.5,368,465
2026-09-28 00:20:17,30.1,83.2,352,465
2026-09-28 00:20:23,30.0,83.1,368,474
2026-09-28 00:20:28,30.0,82.5,349,464
2026-09-28 00:20:33,30.1,83.2,355,464
2026-09-28 00:20:38,30.0,83.2,367,464
2026-09-28 00:20:43,30.0,83.2,355,465
2026-09-28 00:20:48,30.0,83.2,363,467
2026-09-28 00:20:53,30.0,82.4,364,465
2026-09-28 00:20:58,30.0,82.4,361,465
2026-09-28 00:21:04,30.0,83.2,349,464
2026-09-28 00:21:09,30.0,83.1,386,459
2026-09-28 00:21:14,30.1,83.2,360,464
2026-09-28 00:21:19,30.1,83.1,359,462
2026-09-28 00:21:24,30.1,83.1,357,464
2026-09-28 00:21:29,30.1,83.0,349,475
2026-09-28 00:21:34,30.1,83.1,348,464
2026-09-28 00:21:39,30.1,83.1,358,464
2026-09-28 00:21:45,30.1,83.1,353,464
2026-09-28 00:21:50,30.1,83.0,362,469
2026-09-28 00:21:55,30.1,83.0,351,465
2026-09-28 00:22:00,30.1,83.0,336,466
2026-09-28 00:22:05,30.1,83.0,368,465
2026-09-28 00:22:10,30.1,82.9,355,463
2026-09-28 00:22:15,30.1,82.9,354,465
2026-09-28 00:22:21,30.1,82.9,350,466
2026-09-28 00:22:26,30.1,83.0,357,464
2026-09-28 00:22:31,30.1,82.9,347,462
2026-09-28 00:22:36,30.1,82.9,365,464
2026-09-28 00:22:41,30.1,82.9,362,464
2026-09-28 00:22:46,30.1,82.9,356,474
2026-09-28 00:22:51,30.1,82.9,349,464
2026-09-28 00:22:56,30.1,82.9,355,464
2026-09-28 00:23:02,30.0,83.0,361,469
2026-09-28 00:23:07,30.1,83.0,347,464
2026-09-28 00:23:12,30.0,82.9,354,470
2026-09-28 00:23:17,30.1,82.9,351,464
2026-09-28 00:23:22,30.1,82.9,355,466
2026-09-28 00:23:27,30.1,82.9,323,467
2026-09-28 00:23:33,30.1,82.9,367,464
2026-09-28 00:23:38,30.1,82.9,383,473
2026-09-28 00:23:43,30.1,82.9,351,465
2026-09-28 00:23:48,30.1,82.9,342,462
2026-09-28 00:23:53,30.1,82.9,346,464
2026-09-28 00:23:58,30.1,82.9,353,464
2026-09-28 00:24:03,30.1,82.9,355,468
2026-09-28 00:24:08,30.1,82.9,349,464
2026-09-28 00:24:14,30.1,82.8,354,464
2026-09-28 00:24:19,30.1,82.8,351,465
2026-09-28 00:24:24,30.1,82.8,357,460
2026-09-28 00:24:29,30.1,82.8,355,468
2026-09-28 00:24:34,30.1,82.8,351,464
2026-09-28 00:24:39,30.1,82.8,346,465
2026-09-28 00:24:45,30.1,82.7,365,465
2026-09-28 00:24:50,30.1,82.8,368,475
2026-09-28 00:24:55,30.1,82.8,360,455
2026-09-28 00:25:00,30.1,82.8,363,464
2026-09-28 00:25:05,30.1,82.8,350,467
2026-09-28 00:25:10,30.1,82.8,354,471
2026-09-28 00:25:15,30.1,82.8,355,464
2026-09-28 00:25:20,30.1,82.7,361,469
2026-09-28 00:25:25,30.1,82.8,351,464
2026-09-28 00:25:31,30.1,82.7,354,463
2026-09-28 00:25:36,30.1,82.8,351,464
2026-09-28 00:25:41,30.1,82.7,353,464
2026-09-28 00:25:46,30.1,82.7,347,464
2026-09-28 00:25:51,30.1,82.8,353,469
2026-09-28 00:25:56,30.1,82.7,342,462
2026-09-28 00:26:01,30.1,82.7,354,468
2026-09-28 00:26:07,30.1,82.7,357,468
2026-09-28 00:26:12,30.1,82.7,355,464
2026-09-28 00:26:17,30.1,82.7,347,465
2026-09-28 00:26:22,30.2,82.7,357,467
2026-09-28 00:26:27,30.1,82.7,349,470
2026-09-28 00:26:32,30.1,82.7,352,464
2026-09-28 00:26:37,30.1,82.7,344,466
2026-09-28 00:26:43,30.1,82.6,360,466
2026-09-28 00:26:48,30.1,82.7,349,469
2026-09-28 00:26:53,30.1,82.7,343,464
2026-09-28 00:26:58,30.1,82.6,349,464
2026-09-28 00:27:03,30.1,82.6,362,471
2026-09-28 00:27:08,30.1,82.6,357,465
2026-09-28 00:27:14,30.1,82.6,365,471
2026-09-28 00:27:19,30.1,82.6,369,468
2026-09-28 00:27:24,30.1,82.6,354,465
2026-09-28 00:27:29,30.1,82.6,323,473
2026-09-28 00:27:34,30.1,82.5,357,468
2026-09-28 00:27:39,30.1,82.5,354,466
2026-09-28 00:27:44,30.1,82.5,357,464
2026-09-28 00:27:49,30.1,82.5,357,464
2026-09-28 00:27:55,30.1,82.5,361,468
2026-09-28 00:28:00,30.1,82.5,345,469
2026-09-28 00:28:05,30.1,82.6,330,467
2026-09-28 00:28:10,30.1,82.5,359,470
2026-09-28 00:28:15,30.1,82.5,351,466
2026-09-28 00:28:20,30.1,82.6,370,469
2026-09-28 00:28:25,30.1,82.5,366,464
2026-09-28 00:28:31,30.1,82.5,358,464
2026-09-28 00:28:36,30.1,82.6,339,465
2026-09-28 00:28:41,30.1,82.5,351,464
2026-09-28 00:28:46,30.1,82.6,347,469
2026-09-28 00:28:51,30.1,82.5,363,470
2026-09-28 00:28:56,30.1,82.5,338,458
2026-09-28 00:29:01,30.1,82.6,358,465
2026-09-28 00:29:07,30.1,82.6,366,465
2026-09-28 00:29:12,30.1,82.5,367,469
2026-09-28 00:29:17,30.1,82.6,357,465
2026-09-28 00:29:22,30.0,82.5,355,473
2026-09-28 00:29:27,30.1,82.6,359,464
2026-09-28 00:29:32,30.1,82.6,342,462
2026-09-28 00:29:37,30.1,82.6,350,455
2026-09-28 00:29:43,30.1,82.6,359,471
2026-09-28 00:29:48,30.1,82.6,362,471
2026-09-28 00:29:53,30.1,82.6,355,465
2026-09-28 00:29:58,30.1,82.6,356,467
2026-09-28 00:30:03,30.1,82.6,358,465
2026-09-28 00:30:08,30.1,82.6,355,464
2026-09-28 00:30:13,30.1,82.6,357,467
2026-09-28 00:30:19,30.0,82.7,359,464
2026-09-28 00:30:24,30.1,82.7,365,464
2026-09-28 00:30:29,30.0,82.7,357,468
2026-09-28 00:30:34,30.0,82.7,357,461
2026-09-28 00:30:39,30.0,82.8,363,465
2026-09-28 00:30:44,30.1,82.7,361,462
2026-09-28 00:30:49,30.0,82.7,350,464
2026-09-28 00:30:54,30.1,82.7,355,465
2026-09-28 00:31:00,30.0,82.6,353,466
2026-09-28 00:31:05,30.0,82.7,344,467
2026-09-28 00:31:10,30.1,82.7,348,467
2026-09-28 00:31:15,30.0,82.7,346,471
2026-09-28 00:31:20,30.1,82.7,348,473
2026-09-28 00:31:25,30.1,82.6,351,465
2026-09-28 00:31:30,30.0,82.6,353,466
2026-09-28 00:31:35,30.0,82.6,364,464
2026-09-28 00:31:41,30.0,82.6,358,466
2026-09-28 00:31:46,30.0,82.6,349,466
2026-09-28 00:31:51,30.1,82.6,364,468
2026-09-28 00:31:56,30.1,82.6,349,469
2026-09-28 00:32:01,30.1,82.7,352,465
2026-09-28 00:32:06,30.1,82.7,367,467
2026-09-28 00:32:11,30.0,82.6,353,466
2026-09-28 00:32:17,30.0,82.6,353,467
2026-09-28 00:32:22,30.0,82.7,364,464
2026-09-28 00:32:27,30.1,82.6,358,466
2026-09-28 00:32:32,30.1,82.6,368,462
2026-09-28 00:32:37,30.1,82.6,355,467
2026-09-28 00:32:42,30.0,82.6,359,469
2026-09-28 00:32:47,30.1,82.6,357,465
2026-09-28 00:32:53,30.1,82.6,349,468
2026-09-28 00:32:58,30.1,82.6,355,466
2026-09-28 00:33:03,30.1,82.6,357,464
2026-09-28 00:33:08,30.1,82.5,356,464
2026-09-28 00:33:13,30.1,82.5,355,466
2026-09-28 00:33:18,30.1,82.5,358,465
2026-09-28 00:33:23,30.1,82.6,351,465
2026-09-28 00:33:28,30.1,82.5,366,464
2026-09-28 00:33:34,30.1,82.5,365,471
2026-09-28 00:33:39,30.1,82.5,353,463
2026-09-28 00:33:44,30.1,82.5,358,467
2026-09-28 00:33:49,30.1,82.5,344,464
2026-09-28 00:33:54,30.1,82.5,355,464
2026-09-28 00:33:59,30.1,82.6,355,464
2026-09-28 00:34:04,30.1,82.6,347,464
2026-09-28 00:34:09,30.1,82.6,345,470
2026-09-28 00:34:15,30.1,82.5,361,465
2026-09-28 00:34:20,30.1,82.6,366,467
2026-09-28 00:34:25,30.1,82.6,358,466
2026-09-28 00:34:30,30.1,82.5,354,478
2026-09-28 00:34:35,30.1,82.6,346,464
2026-09-28 00:34:41,30.1,82.6,351,465
2026-09-28 00:34:46,30.1,82.5,355,464
2026-09-28 00:34:51,30.1,82.5,347,464
2026-09-28 00:34:56,30.1,82.5,357,464
2026-09-28 00:35:01,30.1,82.6,368,469
2026-09-28 00:35:06,30.1,82.5,357,470
2026-09-28 00:35:11,30.1,82.6,350,473
2026-09-28 00:35:17,30.1,82.6,365,464
2026-09-28 00:35:22,30.1,82.6,357,465
2026-09-28 00:35:27,30.1,82.5,355,463
2026-09-28 00:35:32,30.1,82.5,347,466
2026-09-28 00:35:37,30.1,82.6,369,465
2026-09-28 00:35:42,30.1,82.5,359,465
2026-09-28 00:35:47,30.1,82.5,364,465
2026-09-28 00:35:52,30.1,82.5,352,468
2026-09-28 00:35:58,30.1,82.5,355,465
2026-09-28 00:36:03,30.1,82.5,363,471
2026-09-28 00:36:08,30.1,82.5,363,470
2026-09-28 00:36:13,30.1,82.5,347,469
2026-09-28 00:36:18,30.1,82.5,360,465
2026-09-28 00:36:23,30.1,82.5,366,467
2026-09-28 00:36:29,30.1,82.5,366,467
2026-09-28 00:36:34,30.1,82.6,349,465
2026-09-28 00:36:39,30.1,82.5,362,467
2026-09-28 00:36:44,30.1,82.5,362,468
2026-09-28 00:36:49,30.0,81.8,342,467
2026-09-28 00:36:54,30.1,82.5,354,469
2026-09-28 00:36:59,30.1,82.5,358,469
2026-09-28 00:37:05,30.1,82.5,349,464
2026-09-28 00:37:10,30.0,82.5,360,464
2026-09-28 00:37:15,30.1,82.5,347,458
2026-09-28 00:37:20,30.1,82.4,351,467
2026-09-28 00:37:25,30.1,82.5,353,466
2026-09-28 00:37:30,30.1,82.5,360,470
2026-09-28 00:37:35,30.1,82.5,368,464
2026-09-28 00:37:41,30.1,82.5,341,464
2026-09-28 00:37:46,30.1,82.5,359,464
2026-09-28 00:37:51,30.1,82.5,351,464
2026-09-28 00:37:56,30.0,81.7,368,468
2026-09-28 00:38:01,30.1,82.5,361,464
2026-09-28 00:38:06,30.0,82.5,357,465
2026-09-28 00:38:12,30.1,82.5,356,466
2026-09-28 00:38:17,30.1,82.5,361,464
2026-09-28 00:38:22,30.1,82.4,357,464
2026-09-28 00:38:27,30.1,82.4,357,464
2026-09-28 00:38:32,30.1,82.3,363,464
2026-09-28 00:38:37,30.1,82.4,347,469
2026-09-28 00:38:42,30.1,82.3,359,465
2026-09-28 00:38:48,30.1,82.3,365,466
2026-09-28 00:38:53,30.1,82.4,361,464
2026-09-28 00:38:58,30.1,82.5,357,466
2026-09-28 00:39:03,30.1,82.4,350,464
2026-09-28 00:39:08,30.1,82.5,351,465
2026-09-28 00:39:14,30.1,82.5,357,465
2026-09-28 00:39:19,30.1,82.4,366,464
2026-09-28 00:39:24,30.0,82.4,365,468
2026-09-28 00:39:29,30.1,82.4,362,467
2026-09-28 00:39:34,30.1,82.5,350,464
2026-09-28 00:39:39,30.1,82.4,368,466
2026-09-28 00:39:44,30.1,82.4,353,464
2026-09-28 00:39:49,30.0,82.4,360,463
2026-09-28 00:39:55,30.1,82.4,351,464
2026-09-28 00:40:00,30.1,82.4,352,465
2026-09-28 00:40:05,30.0,82.4,358,464
2026-09-28 00:40:10,30.1,82.3,347,464
2026-09-28 00:40:15,30.1,82.4,361,464
2026-09-28 00:40:20,30.1,82.4,360,466
2026-09-28 00:40:26,30.1,82.4,367,464
2026-09-28 00:40:31,30.1,82.3,361,467
2026-09-28 00:40:36,30.1,82.3,347,464
2026-09-28 00:40:41,30.1,82.3,349,463
2026-09-28 00:40:46,30.1,82.3,351,462
2026-09-28 00:40:51,30.1,82.3,364,464
2026-09-28 00:40:56,30.1,82.3,355,464
2026-09-28 00:41:01,30.1,82.3,367,467
2026-09-28 00:41:07,30.1,82.3,356,465
2026-09-28 00:41:12,30.1,82.2,346,466
2026-09-28 00:41:17,30.1,82.2,336,464
2026-09-28 00:41:22,30.1,82.2,350,458
2026-09-28 00:41:27,30.1,82.2,342,465
2026-09-28 00:41:32,30.1,82.2,352,467
2026-09-28 00:41:37,30.1,82.2,363,464
2026-09-28 00:41:43,30.1,82.2,306,464
2026-09-28 00:41:48,30.1,82.2,354,466
2026-09-28 00:41:53,30.1,82.2,364,464
2026-09-28 00:41:58,30.1,82.2,367,461
2026-09-28 00:42:03,30.1,82.2,366,463
2026-09-28 00:42:08,30.1,82.2,357,463
2026-09-28 00:42:13,30.1,82.2,356,464
2026-09-28 00:42:18,30.1,82.2,359,465
2026-09-28 00:42:24,30.1,82.2,344,466
2026-09-28 00:42:29,30.1,82.2,351,464
2026-09-28 00:42:34,30.1,82.3,358,467
2026-09-28 00:42:39,30.1,82.3,347,469
2026-09-28 00:42:44,30.1,82.3,338,464
2026-09-28 00:42:49,30.0,82.2,347,466
2026-09-28 00:42:54,30.1,82.3,347,464
2026-09-28 00:43:00,30.1,82.4,347,462
2026-09-28 00:43:05,30.1,82.4,358,467
2026-09-28 00:43:10,30.1,82.3,358,464
2026-09-28 00:43:15,30.1,82.3,359,465
2026-09-28 00:43:20,30.1,82.3,368,468
2026-09-28 00:43:25,30.1,82.3,359,464
2026-09-28 00:43:30,30.1,82.3,370,463
2026-09-28 00:43:35,30.1,82.3,360,469
2026-09-28 00:43:41,30.1,82.3,354,466
2026-09-28 00:43:46,30.1,82.2,354,467
2026-09-28 00:43:51,30.1,82.2,346,464
2026-09-28 00:43:56,30.1,82.2,361,464
2026-09-28 00:44:01,30.1,82.2,360,465
2026-09-28 00:44:06,30.1,82.2,355,466
2026-09-28 00:44:11,30.1,82.2,362,467
2026-09-28 00:44:17,30.1,82.1,361,469
2026-09-28 00:44:22,30.1,82.2,355,464
2026-09-28 00:44:27,30.1,82.2,360,464
2026-09-28 00:44:32,30.1,82.2,353,464
2026-09-28 00:44:37,30.1,82.2,349,464
2026-09-28 00:44:42,30.1,82.1,361,465
2026-09-28 00:44:47,30.1,82.2,350,470
2026-09-28 00:44:52,30.1,82.2,357,457
2026-09-28 00:44:57,30.1,82.2,358,466
2026-09-28 00:45:02,30.1,82.1,350,466
2026-09-28 00:45:08,30.1,82.2,354,464
2026-09-28 00:45:13,30.1,82.2,347,464
2026-09-28 00:45:18,30.1,82.2,363,464
2026-09-28 00:45:23,30.1,82.2,357,464
2026-09-28 01:45:26,30.1,82.1,344,464
2026-09-28 01:45:26,30.1,82.2,357,462
2026-09-28 01:45:26,30.1,82.2,354,466
2026-09-28 01:45:26,30.1,82.2,358,462
2026-09-28 01:45:26,30.1,82.2,355,467
2026-09-28 01:45:26,30.1,82.2,363,464
2026-09-28 01:45:26,30.1,82.2,363,468
2026-09-28 01:45:26,30.1,82.2,362,467
2026-09-28 01:45:26,30.1,82.2,364,465
2026-09-28 01:45:26,30.1,82.2,346,465
2026-09-28 01:45:26,30.1,82.2,342,458
2026-09-28 01:45:26,30.1,82.2,357,470
2026-09-28 01:45:26,30.1,82.3,345,469
2026-09-28 01:45:27,30.0,81.6,384,464
2026-09-28 01:45:27,30.0,82.4,356,464
2026-09-28 01:45:27,30.0,82.4,368,463
2026-09-28 01:45:27,30.0,81.6,357,467
2026-09-28 01:45:27,30.0,82.4,356,466
2026-09-28 01:45:27,30.0,82.4,345,464
2026-09-28 01:45:27,30.0,82.3,357,463
2026-09-28 01:45:27,30.0,82.2,346,464
2026-09-28 01:45:27,30.1,82.2,339,463
2026-09-28 01:45:27,30.1,82.3,354,465
2026-09-28 01:45:27,30.1,82.3,365,464
2026-09-28 01:45:27,30.1,82.2,338,465
2026-09-28 01:45:27,30.1,82.2,360,466
2026-09-28 01:45:27,30.1,82.1,349,461
2026-09-28 01:45:27,30.1,82.3,359,464
2026-09-28 01:45:27,30.1,82.2,350,469
2026-09-28 01:45:27,30.0,82.4,359,471
2026-09-28 01:45:27,30.1,82.3,358,464
2026-09-28 01:45:27,30.0,82.4,348,462
2026-09-28 01:45:27,30.0,82.3,365,460
2026-09-28 01:45:27,30.1,82.3,355,465
2026-09-28 01:45:27,30.0,81.6,352,464
2026-09-28 01:45:27,30.0,81.6,350,465
2026-09-28 01:45:27,30.0,81.7,355,462
2026-09-28 01:45:27,30.0,81.7,350,464
2026-09-28 01:45:27,30.0,81.7,347,473
2026-09-28 01:45:27,30.0,81.7,368,464
2026-09-28 01:45:27,30.0,81.7,350,461
2026-09-28 01:45:27,30.0,81.7,347,466
2026-09-28 01:45:27,30.0,81.6,343,466
2026-09-28 01:45:27,30.0,81.7,357,465
2026-09-28 01:45:27,30.0,81.7,346,471
2026-09-28 01:45:27,30.0,81.7,339,465
2026-09-28 01:45:27,30.0,81.7,352,459
2026-09-28 01:45:27,30.0,81.7,361,464
2026-09-28 01:45:27,30.0,81.6,359,464
2026-09-28 01:45:27,30.0,81.6,352,464
2026-09-28 01:45:27,30.0,81.6,355,468
2026-09-28 01:45:27,30.0,81.6,353,461
2026-09-28 01:45:27,30.0,82.4,355,464
2026-09-28 01:45:27,30.0,81.6,361,464
2026-09-28 01:45:27,30.0,81.6,361,465
2026-09-28 01:45:27,30.1,82.3,353,464
2026-09-28 01:45:27,30.1,82.3,357,469
2026-09-28 01:45:27,30.1,82.3,349,464
2026-09-28 01:45:27,30.0,82.2,345,466
2026-09-28 01:45:27,30.1,82.2,348,466
2026-09-28 01:45:27,30.0,82.2,352,461
2026-09-28 01:45:27,30.0,82.2,338,464
2026-09-28 01:45:27,30.0,82.2,357,464
2026-09-28 01:45:27,30.0,82.3,354,464
2026-09-28 01:45:27,30.1,82.3,354,462
2026-09-28 01:45:27,30.1,82.2,352,465
2026-09-28 01:45:27,30.1,82.3,351,461
2026-09-28 01:45:27,30.1,82.2,360,465
2026-09-28 01:45:27,30.0,82.2,341,464
2026-09-28 01:45:27,30.0,82.3,352,466
2026-09-28 01:45:27,30.1,82.2,346,464
2026-09-28 01:45:27,30.1,82.2,349,448
2026-09-28 01:45:27,30.0,82.3,358,465
2026-09-28 01:45:27,30.0,82.3,352,465
2026-09-28 01:45:27,30.1,82.3,351,464
2026-09-28 01:45:27,30.0,81.6,368,469
2026-09-28 01:45:27,30.0,82.3,353,465
2026-09-28 01:45:27,30.1,82.3,356,466
2026-09-28 01:45:27,30.0,82.4,343,453
2026-09-28 01:45:27,30.0,81.6,352,464
2026-09-28 01:45:27,30.0,82.4,351,463
2026-09-28 01:45:27,30.0,82.4,349,464
2026-09-28 01:45:27,30.0,81.6,355,466
2026-09-28 01:45:27,30.0,81.6,344,467
2026-09-28 01:45:27,30.0,81.6,359,462
2026-09-28 01:45:27,30.0,82.3,346,463
2026-09-28 01:45:27,30.0,81.6,353,466
2026-09-28 01:45:27,30.0,82.4,346,466
2026-09-28 01:45:27,30.0,81.7,358,464
2026-09-28 01:45:27,30.0,81.7,355,469
2026-09-28 01:45:27,30.0,81.7,353,464
2026-09-28 01:45:27,30.0,81.6,352,464
2026-09-28 01:45:27,30.0,81.6,339,464
2026-09-28 01:45:27,30.0,81.7,353,469
2026-09-28 01:45:27,30.0,81.7,353,464
2026-09-28 01:45:27,30.0,81.8,345,467
2026-09-28 01:45:27,30.0,81.7,357,464
2026-09-28 01:45:27,30.0,81.7,336,464
2026-09-28 01:45:27,30.0,81.7,354,466
2026-09-28 01:45:27,30.0,81.6,351,464
2026-09-28 01:45:27,30.0,81.7,350,464
2026-09-28 01:45:27,30.0,81.7,339,463
2026-09-28 01:45:27,30.0,81.7,355,466
2026-09-28 01:45:27,30.0,81.7,348,462
2026-09-28 01:45:27,30.0,81.7,350,462
2026-09-28 01:45:27,30.0,81.6,347,460
2026-09-28 01:45:27,30.0,82.4,342,464
2026-09-28 01:45:27,30.0,81.6,357,464
2026-09-28 01:45:27,30.0,81.7,343,464
2026-09-28 01:45:27,30.0,81.7,357,464
2026-09-28 01:45:27,30.0,81.6,361,464
2026-09-28 01:45:27,30.0,81.6,367,464
2026-09-28 01:45:27,30.0,81.7,348,470
2026-09-28 01:45:27,30.0,81.6,340,464
2026-09-28 01:45:27,30.0,82.3,349,464
2026-09-28 01:45:27,30.0,82.3,345,462
2026-09-28 01:45:27,30.0,81.6,351,464
2026-09-28 01:45:27,30.0,82.3,355,466
2026-09-28 01:45:27,30.0,81.6,350,464
2026-09-28 01:45:27,30.0,81.5,347,464
2026-09-28 01:45:27,30.0,82.2,350,467
2026-09-28 01:45:27,30.1,82.2,346,464
2026-09-28 01:45:27,30.1,82.1,348,465
2026-09-28 01:45:27,30.1,82.1,341,464
2026-09-28 01:45:27,30.0,82.1,353,465
2026-09-28 01:45:27,30.0,81.5,352,464
2026-09-28 01:45:27,30.0,81.5,337,466
2026-09-28 01:45:31,30.1,81.3,325,463
2026-09-28 01:45:36,30.1,81.3,331,462
2026-09-28 01:45:42,30.1,81.3,326,455
2026-09-28 01:45:47,30.1,81.3,336,463
2026-09-28 01:45:52,30.1,81.3,340,466
2026-09-28 01:45:57,30.1,81.3,329,464
2026-09-28 01:46:02,30.1,81.2,320,464
2026-09-28 01:46:08,30.1,81.3,336,464
2026-09-28 01:46:13,30.1,81.2,325,461
2026-09-28 01:46:18,30.1,81.3,333,465
2026-09-28 01:46:23,30.1,81.2,345,467
2026-09-28 01:46:28,30.1,81.3,334,465
2026-09-28 01:46:33,30.1,81.3,313,458
2026-09-28 01:46:38,30.1,81.3,338,461
2026-09-28 01:46:43,30.1,81.3,336,464
2026-09-28 01:46:49,30.1,81.3,320,466
2026-09-28 01:46:54,30.1,81.3,327,464
2026-09-28 01:46:59,30.1,81.2,323,464
2026-09-28 01:47:04,30.1,81.3,337,464
2026-09-28 01:47:09,30.1,81.2,326,466
2026-09-28 01:47:14,30.1,81.2,320,463
2026-09-28 01:47:19,30.2,81.2,329,464
2026-09-28 01:47:24,30.1,81.2,335,464
2026-09-28 01:47:30,30.2,81.3,335,464
2026-09-28 01:47:35,30.1,81.3,336,464
2026-09-28 01:47:40,30.1,81.3,334,465
2026-09-28 01:47:45,30.1,81.3,330,464
2026-09-28 01:47:50,30.1,81.3,336,464
2026-09-28 01:47:55,30.1,81.3,323,465
2026-09-28 01:48:00,30.1,81.3,325,463
2026-09-28 01:48:06,30.1,81.3,331,466
2026-09-28 01:48:11,30.1,81.4,334,464
2026-09-28 01:48:16,30.1,81.3,336,470
2026-09-28 01:48:21,30.1,81.4,336,464
2026-09-28 01:48:26,30.1,81.4,323,467
2026-09-28 01:48:31,30.1,81.5,327,470
2026-09-28 01:48:36,30.1,81.4,335,467
2026-09-28 01:48:42,30.1,81.4,308,464
2026-09-28 01:48:47,30.1,81.4,328,457
2026-09-28 01:48:52,30.1,81.5,336,464
2026-09-28 01:48:57,30.1,81.4,336,464
2026-09-28 01:49:02,30.1,81.4,341,465
2026-09-28 01:49:07,30.1,81.3,331,460
2026-09-28 01:49:12,30.1,81.3,335,464
2026-09-28 01:49:17,30.1,81.3,337,469
2026-09-28 01:49:23,30.1,81.3,353,464
2026-09-28 01:49:28,30.1,81.3,333,465
2026-09-28 01:49:33,30.1,81.3,330,465
2026-09-28 01:49:38,30.1,81.4,335,464
2026-09-28 01:49:43,30.1,81.3,328,464
2026-09-28 01:49:48,30.1,81.3,333,464
2026-09-28 01:49:54,30.1,81.4,327,466
2026-09-28 01:49:59,30.1,81.3,347,464
2026-09-28 01:50:04,30.1,81.3,334,465
2026-09-28 01:50:09,30.1,81.3,328,463
2026-09-28 01:50:14,30.1,81.3,332,464
2026-09-28 01:50:19,30.1,81.4,325,464
2026-09-28 01:50:24,30.1,81.3,334,467
2026-09-28 01:50:29,30.1,81.3,340,467
2026-09-28 01:50:34,30.1,81.3,337,463
2026-09-28 01:50:43,30.1,81.3,327,463
2026-09-28 01:50:48,30.1,81.3,326,465
2026-09-28 01:50:53,30.1,81.4,340,466
2026-09-28 01:50:58,30.1,81.3,339,461
2026-09-28 01:51:03,30.1,81.3,320,463
2026-09-28 01:51:08,30.0,81.4,329,464
2026-09-28 01:51:14,30.1,81.4,336,461
2026-09-28 01:51:19,30.1,81.3,336,464
2026-09-28 01:51:24,30.1,81.4,329,464
2026-09-28 01:51:29,30.1,81.4,336,464
2026-09-28 01:51:34,30.1,81.3,321,466
2026-09-28 01:51:39,30.0,80.6,329,464
2026-09-28 01:51:44,30.1,81.3,336,469
2026-09-28 01:51:49,30.1,81.3,327,466
2026-09-28 01:51:55,30.1,81.4,321,464
2026-09-28 01:52:00,30.0,81.4,321,465
2026-09-28 01:52:05,30.1,81.4,329,466
2026-09-28 01:52:10,30.1,81.4,335,464
2026-09-28 01:52:15,30.1,81.3,323,462
2026-09-28 01:52:20,30.1,81.4,322,463
2026-09-28 01:52:25,30.1,81.4,331,466
2026-09-28 01:52:30,30.1,81.4,322,464
2026-09-28 01:52:36,30.0,81.3,335,465
2026-09-28 01:52:41,30.0,81.3,326,464
2026-09-28 01:52:46,30.1,81.3,335,464
2026-09-28 01:52:51,30.1,81.4,335,464
2026-09-28 01:52:56,30.1,81.4,324,474
2026-09-28 01:53:01,30.1,81.3,338,463
2026-09-28 01:53:06,30.1,81.4,335,464
2026-09-28 01:53:12,30.0,81.4,321,464
2026-09-28 01:53:17,30.0,81.3,336,465
2026-09-28 01:53:22,30.1,81.4,336,454
2026-09-28 01:53:27,30.0,81.3,333,455
2026-09-28 01:53:32,30.1,81.4,329,464
2026-09-28 01:53:37,30.0,81.4,333,464
2026-09-28 01:53:42,30.1,81.4,331,464
2026-09-28 01:53:47,30.1,81.3,335,466
2026-09-28 01:53:52,30.1,81.4,327,443
2026-09-28 01:53:58,30.1,81.4,341,460
2026-09-28 01:54:03,30.0,81.4,335,457
2026-09-28 01:54:08,30.1,81.3,326,460
2026-09-28 01:54:13,30.1,81.4,336,465
2026-09-28 01:54:18,30.0,81.4,336,464
2026-09-28 01:54:23,30.1,81.3,337,456
2026-09-28 01:54:28,30.1,81.3,332,460
2026-09-28 01:54:33,30.1,81.3,314,460
2026-09-28 01:54:39,30.0,81.3,325,463
2026-09-28 01:54:44,30.0,81.3,331,462
2026-09-28 01:54:49,30.1,81.4,327,464
2026-09-28 01:54:54,30.1,81.4,336,464
2026-09-28 01:54:59,30.0,81.4,334,463
2026-09-28 01:55:04,30.0,81.4,313,461
2026-09-28 01:55:09,30.1,81.4,336,464
2026-09-28 01:55:15,30.0,81.5,333,464
2026-09-28 01:55:20,30.0,80.8,335,465
2026-09-28 01:55:25,30.0,80.8,336,461
2026-09-28 01:55:30,30.0,81.5,342,463
2026-09-28 01:55:35,30.0,80.6,331,454
2026-09-28 01:55:40,30.0,80.7,333,464
2026-09-28 01:55:46,30.0,81.4,321,464
2026-09-28 01:55:51,30.1,81.4,333,465
2026-09-28 01:55:56,30.0,81.4,336,463
2026-09-28 01:56:01,30.1,81.4,328,463
2026-09-28 01:56:06,30.1,81.4,326,462
2026-09-28 01:56:11,30.0,81.4,331,457
2026-09-28 01:56:17,30.1,81.4,339,459
2026-09-28 01:56:22,30.0,81.4,336,453
2026-09-28 01:56:27,30.0,81.5,327,461
2026-09-28 01:56:32,30.0,81.5,323,460
2026-09-28 01:56:38,30.0,80.7,327,462
2026-09-28 01:56:43,30.0,81.5,335,461
2026-09-28 01:56:48,30.1,81.4,327,464
2026-09-28 01:56:53,30.0,81.4,330,460
2026-09-28 01:56:58,30.1,81.4,323,461
2026-09-28 01:57:03,30.1,81.5,336,452
2026-09-28 01:57:08,30.1,81.4,307,464
2026-09-28 01:57:14,30.1,81.4,327,451
2026-09-28 01:57:19,30.1,81.4,324,458
2026-09-28 01:57:24,30.1,81.3,336,460
2026-09-28 01:57:29,30.1,81.3,336,463
2026-09-28 01:57:34,30.1,81.3,336,461
2026-09-28 01:57:39,30.1,81.3,337,458
2026-09-28 01:57:44,30.1,81.3,329,462
2026-09-28 01:57:49,30.1,81.3,321,464
2026-09-28 01:57:55,30.1,81.3,345,460
2026-09-28 01:58:00,30.1,81.3,323,458
2026-09-28 01:58:05,30.1,81.3,329,457
2026-09-28 01:58:10,30.1,81.3,332,451
2026-09-28 01:58:15,30.1,81.3,333,462
2026-09-28 01:58:20,30.1,81.3,334,462
2026-09-28 01:58:25,30.1,81.3,321,464
2026-09-28 01:58:30,30.1,81.2,326,457
2026-09-28 01:58:36,30.1,81.3,306,456
2026-09-28 01:58:41,30.1,81.3,335,462
2026-09-28 01:58:46,30.1,81.3,331,462
2026-09-28 01:58:51,30.1,81.2,306,464
2026-09-28 01:58:55,30.1,81.2,326,457
2026-09-28 01:59:00,30.1,81.2,324,460
2026-09-28 01:59:05,30.1,81.2,336,464
2026-09-28 01:59:10,30.1,81.1,336,462
2026-09-28 01:59:15,30.1,81.1,334,473
2026-09-28 01:59:21,30.1,81.1,336,461
2026-09-28 01:59:26,30.1,81.1,325,464
2026-09-28 01:59:31,30.1,81.0,322,462
2026-09-28 01:59:36,30.1,81.1,336,464
2026-09-28 01:59:41,30.1,81.2,331,463
2026-09-28 01:59:46,30.1,81.1,324,463
2026-09-28 01:59:51,30.1,81.1,336,455
2026-09-28 01:59:57,30.1,81.1,329,461
2026-09-28 02:00:02,30.1,81.1,321,459
2026-09-28 02:00:07,30.1,81.2,327,454
2026-09-28 02:00:12,30.1,81.1,335,461
2026-09-28 02:00:17,30.1,81.2,323,460
2026-09-28 02:00:22,30.1,81.2,338,461
2026-09-28 02:00:27,30.1,81.2,331,461
2026-09-28 02:00:33,30.1,81.2,335,464
2026-09-28 02:00:38,30.1,81.2,329,457
2026-09-28 02:00:43,30.0,81.2,320,464
2026-09-28 02:00:48,30.1,81.2,320,462
2026-09-28 02:00:53,30.1,81.2,332,453
2026-09-28 02:00:58,30.0,81.2,331,461
2026-09-28 02:01:04,30.0,81.3,327,461
2026-09-28 02:01:09,30.1,81.2,334,463
2026-09-28 02:01:14,30.0,81.3,321,457
2026-09-28 02:01:19,30.1,81.3,311,453
2026-09-28 02:01:24,30.1,81.3,314,464
2026-09-28 02:01:29,30.0,81.3,330,459
2026-09-28 02:01:34,30.0,81.3,323,451
2026-09-28 02:01:40,30.0,81.3,322,461
2026-09-28 02:01:45,30.0,81.3,327,465
2026-09-28 02:01:50,30.0,80.6,323,462
2026-09-28 02:01:55,30.0,80.6,330,461
2026-09-28 02:02:00,30.1,81.3,335,464
2026-09-28 02:02:05,30.0,81.3,320,455
2026-09-28 02:02:10,30.0,80.6,320,463
2026-09-28 02:02:15,30.0,80.6,325,459
2026-09-28 02:02:21,30.1,81.4,325,458
2026-09-28 02:02:26,30.1,81.3,322,461
2026-09-28 02:02:31,30.1,81.3,331,460
2026-09-28 02:02:36,30.0,81.3,318,457
2026-09-28 02:02:41,30.0,80.6,321,464
2026-09-28 02:02:46,30.0,80.6,323,463
2026-09-28 02:02:51,30.0,81.3,325,464
2026-09-28 02:02:57,30.1,81.3,325,464
2026-09-28 02:03:02,30.0,80.5,325,460
2026-09-28 02:03:07,30.0,81.3,328,460
2026-09-28 02:03:12,30.0,81.3,325,457
2026-09-28 02:03:17,30.1,81.3,322,461
2026-09-28 02:03:22,30.1,81.3,329,464
2026-09-28 02:03:27,30.1,81.2,319,464
2026-09-28 02:03:32,30.1,81.2,326,457
2026-09-28 02:03:38,30.1,81.2,336,464
2026-09-28 02:03:43,30.0,81.3,331,455
2026-09-28 02:03:48,30.1,81.3,331,455
2026-09-28 02:03:53,30.1,81.3,332,459
2026-09-28 02:03:58,30.0,81.3,324,453
2026-09-28 02:04:03,30.0,80.6,319,463
2026-09-28 02:04:09,30.1,81.3,320,460
2026-09-28 02:04:14,30.1,81.3,335,461
2026-09-28 02:04:19,30.1,81.4,329,459
2026-09-28 02:04:24,30.1,81.3,337,461
2026-09-28 02:04:29,30.1,81.2,336,457
2026-09-28 02:04:34,30.1,81.2,326,466
2026-09-28 02:04:39,30.1,81.2,321,460
2026-09-28 02:04:45,30.1,81.2,316,448
2026-09-28 02:04:50,30.1,81.2,329,463
2026-09-28 02:04:55,30.1,81.2,322,457
2026-09-28 02:05:00,30.1,81.2,327,455
2026-09-28 02:05:05,30.1,81.2,320,459
2026-09-28 02:05:10,30.1,81.2,327,462
2026-09-28 02:05:15,30.1,81.3,320,463
2026-09-28 02:05:21,30.1,81.2,326,464
2026-09-28 02:05:26,30.1,81.2,320,464
2026-09-28 02:05:31,30.1,81.3,322,459
2026-09-28 02:05:36,30.0,81.2,331,458
2026-09-28 02:05:41,30.0,81.2,320,454
2026-09-28 02:05:46,30.1,81.2,327,456
2026-09-28 02:05:51,30.0,81.2,334,455
2026-09-28 02:05:57,30.1,81.2,324,461
2026-09-28 02:06:02,30.1,81.2,331,464
2026-09-28 02:06:07,30.0,81.2,330,464
2026-09-28 02:06:12,30.1,81.2,322,464
2026-09-28 02:06:17,30.1,81.2,323,462
2026-09-28 02:06:22,30.1,81.2,327,463
2026-09-28 02:06:28,30.1,81.2,334,462
2026-09-28 02:06:33,30.1,81.2,323,463
2026-09-28 02:06:38,30.1,81.2,332,459
2026-09-28 02:06:43,30.0,81.2,317,462
2026-09-28 02:06:48,30.1,81.3,318,459
2026-09-28 02:06:53,30.1,81.3,325,457
2026-09-28 02:06:58,30.1,81.2,343,463
2026-09-28 02:07:03,30.1,81.2,331,457
2026-09-28 02:07:08,30.0,81.2,314,459
2026-09-28 02:07:14,30.1,81.2,329,457
2026-09-28 02:07:19,30.1,81.2,322,453
2026-09-28 02:07:24,30.1,81.2,329,462
2026-09-28 02:07:29,30.0,81.1,320,464
2026-09-28 02:07:34,30.0,80.5,321,453
2026-09-28 02:07:39,30.0,81.2,319,464
2026-09-28 02:07:45,30.1,81.2,326,463
2026-09-28 02:07:50,30.0,81.3,329,461
2026-09-28 02:07:55,30.0,80.6,327,455
2026-09-28 02:08:00,30.1,81.3,325,448
2026-09-28 02:08:05,30.0,81.3,336,459
2026-09-28 02:08:10,30.1,81.3,348,459
2026-09-28 02:08:15,30.0,81.3,330,464
2026-09-28 02:08:20,30.1,81.2,304,450
2026-09-28 02:08:26,30.1,81.2,327,463
2026-09-28 02:08:31,30.1,81.2,320,455
2026-09-28 02:08:36,30.0,81.2,357,461
2026-09-28 02:08:41,30.1,81.2,342,464
2026-09-28 02:08:46,30.0,81.1,318,459
2026-09-28 02:08:51,30.1,81.2,322,464
2026-09-28 02:08:57,30.1,81.2,328,464
2026-09-28 02:09:02,30.1,81.1,333,460
2026-09-28 02:09:07,30.1,81.2,326,462
2026-09-28 02:09:12,30.1,81.1,304,455
2026-09-28 02:09:17,30.1,81.2,319,458
2026-09-28 02:09:22,30.1,81.1,327,459
2026-09-28 02:09:27,30.0,81.1,313,461
2026-09-28 02:09:33,30.1,81.1,326,463
2026-09-28 02:09:38,30.1,81.2,323,457
2026-09-28 02:09:43,30.0,81.2,320,459
2026-09-28 02:09:48,30.1,81.2,327,464
2026-09-28 02:09:53,30.1,81.2,323,459
2026-09-28 02:09:58,30.0,81.2,334,469
2026-09-28 02:10:03,30.0,80.6,335,463
2026-09-28 02:10:09,30.0,81.2,328,464
2026-09-28 02:10:14,30.0,81.3,327,464
2026-09-28 02:10:19,30.0,81.3,330,463
2026-09-28 02:10:24,30.0,80.5,320,462
2026-09-28 02:10:29,30.0,81.2,338,464
2026-09-28 02:10:34,30.0,80.6,323,459
2026-09-28 02:10:39,30.0,80.6,332,450
2026-09-28 02:10:44,30.0,80.6,321,460
2026-09-28 02:10:49,30.0,81.3,299,464
2026-09-28 02:10:54,30.0,80.5,315,463
2026-09-28 02:11:00,30.0,81.2,323,460
2026-09-28 02:11:05,30.0,81.3,327,457
2026-09-28 02:11:10,30.0,80.5,320,464
2026-09-28 02:11:15,30.0,80.5,321,455
2026-09-28 02:11:20,30.1,81.3,320,459
2026-09-28 02:11:25,30.1,81.2,336,463
2026-09-28 02:11:30,30.0,81.2,320,462
2026-09-28 02:11:36,30.0,81.2,314,459
2026-09-28 02:11:41,30.0,81.2,324,452
2026-09-28 02:11:46,30.0,81.2,325,455
2026-09-28 02:11:51,30.0,81.2,320,462
2026-09-28 02:11:56,30.1,81.2,320,461
2026-09-28 02:12:01,30.0,81.2,323,463
2026-09-28 02:12:06,30.0,81.2,311,464
2026-09-28 02:12:11,30.1,81.2,331,460
2026-09-28 02:12:17,30.1,81.2,334,464
2026-09-28 02:12:22,30.1,81.1,323,453
2026-09-28 02:12:27,30.0,80.4,324,463
2026-09-28 02:12:32,30.1,81.2,321,461
2026-09-28 02:12:37,30.1,81.1,321,460
2026-09-28 02:12:42,30.1,81.2,306,450
2026-09-28 02:12:47,30.1,81.1,320,455
2026-09-28 02:12:52,30.1,81.1,326,461
2026-09-28 02:12:57,30.1,81.1,323,455
2026-09-28 02:13:03,30.1,81.1,319,453
2026-09-28 02:13:08,30.1,81.1,324,457
2026-09-28 02:13:13,30.1,81.1,326,462
2026-09-28 02:13:18,30.0,81.1,327,457
2026-09-28 02:13:23,30.0,81.1,320,463
2026-09-28 02:13:28,30.1,81.1,315,461
2026-09-28 02:13:33,30.0,80.4,320,462
2026-09-28 02:13:39,30.1,81.2,319,461
2026-09-28 02:13:44,30.0,81.2,323,466
2026-09-28 02:13:49,30.1,81.1,326,465
2026-09-28 02:13:54,30.0,81.1,321,462
2026-09-28 02:13:59,30.0,80.4,328,464
2026-09-28 02:14:04,30.1,81.1,325,466
2026-09-28 02:14:10,30.0,81.1,321,464
2026-09-28 02:14:15,30.1,81.1,322,464
2026-09-28 02:14:20,30.1,81.1,327,467
2026-09-28 02:14:25,30.0,81.1,320,464
2026-09-28 02:14:30,30.0,81.1,317,459
2026-09-28 02:14:35,30.1,81.1,323,458
2026-09-28 02:14:40,30.1,81.1,321,459
2026-09-28 02:14:45,30.1,81.1,323,464
2026-09-28 02:14:51,30.1,81.1,360,458
2026-09-28 02:14:56,30.0,81.1,320,464
2026-09-28 02:15:01,30.1,81.1,305,461
2026-09-28 02:15:06,30.1,81.1,320,465
2026-09-28 02:15:11,30.1,81.1,320,449
2026-09-28 02:15:16,30.1,81.1,316,463
2026-09-28 02:15:21,30.1,81.1,314,459
2026-09-28 02:15:27,30.1,81.1,323,462
2026-09-28 02:15:32,30.1,81.1,315,453
2026-09-28 02:15:37,30.1,81.1,316,462
2026-09-28 02:15:42,30.1,81.1,318,462
2026-09-28 02:15:47,30.1,81.1,319,452
2026-09-28 02:15:52,30.0,81.2,322,461
2026-09-28 02:15:57,30.0,80.5,311,461
2026-09-28 02:16:03,30.0,80.5,321,459
2026-09-28 02:16:08,30.0,80.5,304,458
2026-09-28 02:16:13,30.0,80.5,318,459
2026-09-28 02:16:18,30.0,80.6,322,461
2026-09-28 02:16:23,30.0,80.6,319,459
2026-09-28 02:16:28,30.0,80.6,322,456
2026-09-28 02:16:33,30.0,80.6,311,451
2026-09-28 02:16:38,30.0,80.6,309,464
2026-09-28 02:16:44,30.0,80.7,323,454
2026-09-28 02:16:49,30.0,80.7,325,461
2026-09-28 02:16:54,30.0,80.7,327,458
2026-09-28 02:16:59,30.0,80.7,326,460
2026-09-28 02:17:04,30.0,80.7,327,460
2026-09-28 02:17:09,30.0,80.8,323,464
2026-09-28 02:17:14,29.9,80.8,322,463
2026-09-28 02:17:19,30.0,80.8,322,453
2026-09-28 02:17:24,29.9,80.9,311,461
2026-09-28 02:17:30,29.9,80.9,323,462
2026-09-28 02:17:35,29.9,80.8,330,464
2026-09-28 02:17:40,29.9,80.9,323,462
2026-09-28 02:17:45,29.9,80.9,327,465
2026-09-28 02:17:50,29.9,80.9,322,463
2026-09-28 02:17:55,29.9,80.9,323,462
2026-09-28 02:18:00,29.9,80.9,314,462
2026-09-28 02:18:05,29.9,80.9,320,455
2026-09-28 02:18:11,29.9,80.9,320,457
2026-09-28 02:18:16,29.9,81.0,320,439
2026-09-28 02:18:21,29.9,81.1,318,466
2026-09-28 02:18:26,29.9,81.1,323,464
2026-09-28 02:18:31,29.9,81.1,341,461
2026-09-28 02:18:36,29.9,81.2,335,455
2026-09-28 02:18:41,29.9,81.1,292,464
2026-09-28 02:18:47,29.9,81.2,322,461
2026-09-28 02:18:52,29.9,81.1,315,459
2026-09-28 02:18:57,29.8,81.2,334,464
2026-09-28 02:19:02,29.8,81.2,326,460
2026-09-28 02:19:07,29.8,81.2,312,462
2026-09-28 02:19:12,29.8,81.2,321,461
2026-09-28 02:19:17,29.8,81.3,321,457
2026-09-28 02:19:22,29.8,81.3,320,464
2026-09-28 02:19:28,29.8,81.3,315,461
2026-09-28 02:19:33,29.8,81.2,334,460
2026-09-28 02:19:38,29.8,81.2,323,462
2026-09-28 02:19:43,29.8,81.3,323,464
2026-09-28 02:19:48,29.8,81.3,309,463
2026-09-28 02:19:53,29.8,81.2,325,464
2026-09-28 02:19:58,29.8,81.3,325,464
2026-09-28 02:20:04,29.8,81.3,321,462
2026-09-28 02:20:09,29.8,81.2,322,461
2026-09-28 02:20:14,29.8,81.3,315,459
2026-09-28 02:20:19,29.8,81.3,329,458
2026-09-28 02:20:24,29.8,81.3,323,462
2026-09-28 02:20:29,29.8,81.2,315,448
2026-09-28 02:20:34,29.8,81.3,332,464
2026-09-28 02:20:39,29.9,81.2,320,464
2026-09-28 02:20:45,29.8,81.2,347,459
2026-09-28 02:20:50,29.8,81.2,321,461
2026-09-28 02:20:55,29.8,81.2,320,461
2026-09-28 02:21:00,29.8,81.2,321,459
2026-09-28 02:21:05,29.8,81.2,312,456
2026-09-28 02:21:10,29.8,81.2,323,455
2026-09-28 02:21:15,29.8,81.2,321,460
2026-09-28 02:21:21,29.9,81.2,318,464
2026-09-28 02:21:26,29.9,81.2,315,464
2026-09-28 02:21:31,29.8,81.2,336,459
2026-09-28 02:21:36,29.8,81.3,322,461
2026-09-28 02:21:41,29.8,81.2,320,457
2026-09-28 02:21:46,29.8,81.2,327,464
2026-09-28 02:21:51,29.9,81.2,315,461
2026-09-28 02:21:56,29.9,81.2,320,459
2026-09-28 02:22:02,29.8,81.2,317,456
2026-09-28 02:22:07,29.9,81.1,318,458
2026-09-28 02:22:12,29.9,81.1,314,463
2026-09-28 02:22:17,29.9,81.1,327,457
2026-09-28 02:22:22,29.9,81.1,323,463
2026-09-28 02:22:27,29.9,81.1,319,453
2026-09-28 02:22:32,29.8,81.1,317,457
2026-09-28 02:22:37,29.9,81.1,314,451
2026-09-28 02:22:43,29.8,81.1,313,464
2026-09-28 02:22:48,29.9,81.2,330,462
2026-09-28 02:22:53,29.9,81.1,325,466
2026-09-28 02:22:58,29.9,81.1,318,461
2026-09-28 02:23:03,29.8,81.2,319,450
2026-09-28 02:23:09,29.9,81.2,336,463
2026-09-28 02:23:14,29.8,81.2,325,463
2026-09-28 02:23:19,29.8,81.3,330,464
2026-09-28 02:23:24,29.9,81.3,320,453
2026-09-28 02:23:29,29.8,81.3,331,464
2026-09-28 02:23:34,29.8,81.2,310,456
2026-09-28 02:23:39,29.9,81.2,325,454
2026-09-28 02:23:44,29.8,81.2,319,461
2026-09-28 02:23:49,29.8,81.2,320,463
2026-09-28 02:23:55,29.9,81.1,319,462
2026-09-28 02:24:00,29.9,81.2,326,463
2026-09-28 02:24:05,29.8,81.2,329,462
2026-09-28 02:24:10,29.8,81.2,299,458
2026-09-28 02:24:15,29.9,81.2,318,458
2026-09-28 02:24:20,29.9,81.2,314,458
2026-09-28 02:24:26,29.9,81.2,304,459
2026-09-28 02:24:31,29.9,81.2,312,464
2026-09-28 02:24:36,29.8,81.2,321,453
2026-09-28 02:24:41,29.8,81.2,319,461
2026-09-28 02:24:46,29.9,81.2,324,464
2026-09-28 02:24:51,29.9,81.1,313,462
2026-09-28 02:24:56,29.8,81.1,318,465
2026-09-28 02:25:01,29.9,81.2,329,463
2026-09-28 02:25:06,29.9,81.2,322,462
2026-09-28 02:25:11,29.9,81.1,336,460
2026-09-28 02:25:16,29.8,81.1,314,464
2026-09-28 02:25:22,29.9,81.2,317,462
2026-09-28 02:25:27,29.9,81.1,320,464
2026-09-28 02:25:32,29.9,81.1,320,459
2026-09-28 02:25:37,29.8,81.0,326,461
2026-09-28 02:25:42,29.9,81.1,311,457
2026-09-28 02:25:47,29.9,81.1,308,457
2026-09-28 02:25:52,29.9,81.1,322,462
2026-09-28 02:25:57,29.9,81.0,326,459
2026-09-28 02:26:02,29.9,81.1,325,463
2026-09-28 02:26:08,29.9,81.0,324,464
2026-09-28 02:26:13,29.9,81.1,315,463
2026-09-28 02:26:18,29.9,81.1,319,464
2026-09-28 02:26:23,29.9,81.0,315,466
2026-09-28 02:26:28,29.9,81.0,307,464
2026-09-28 02:26:33,29.9,81.2,307,463
2026-09-28 02:26:38,29.9,81.1,354,460
2026-09-28 02:26:43,29.9,81.1,320,464
2026-09-28 02:26:49,29.9,81.1,320,462
2026-09-28 02:26:54,29.9,81.1,324,464
2026-09-28 02:26:59,29.8,81.2,327,442
2026-09-28 02:27:04,29.8,81.2,315,459
2026-09-28 02:27:09,29.8,81.2,320,462
2026-09-28 02:27:14,29.8,81.2,322,455
2026-09-28 02:27:19,29.8,81.3,329,461
2026-09-28 02:27:24,29.8,81.2,318,464
2026-09-28 02:27:30,29.8,81.2,319,464
2026-09-28 02:27:35,29.8,81.3,311,457
2026-09-28 02:27:40,29.8,81.3,325,463
2026-09-28 02:27:45,29.8,81.3,322,461
2026-09-28 02:27:50,29.8,81.3,320,464
2026-09-28 02:27:55,29.8,81.3,317,464
2026-09-28 02:28:00,29.8,81.3,321,463
2026-09-28 02:28:05,29.8,81.2,314,464
2026-09-28 02:28:11,29.9,81.2,324,464
2026-09-28 02:28:16,29.8,81.2,323,464
2026-09-28 02:28:21,29.8,81.3,320,459
2026-09-28 02:28:26,29.8,81.2,330,467
2026-09-28 02:28:31,29.8,81.2,311,462
2026-09-28 02:28:36,29.9,81.2,311,463
2026-09-28 02:28:41,29.8,81.2,327,462
2026-09-28 02:28:46,29.8,81.2,311,464
2026-09-28 02:28:52,29.8,81.2,315,464
2026-09-28 02:28:57,29.8,81.2,324,464
2026-09-28 02:29:02,29.8,81.2,327,464
2026-09-28 02:29:07,29.8,81.2,307,464
2026-09-28 02:29:12,29.8,81.2,307,458
2026-09-28 02:29:17,29.8,81.2,310,462
2026-09-28 02:29:22,29.8,81.3,326,464
2026-09-28 02:29:28,29.8,81.3,314,453
2026-09-28 02:29:33,29.9,81.3,320,464
2026-09-28 02:29:38,29.8,81.3,326,466
2026-09-28 02:29:43,29.8,81.3,318,461
2026-09-28 02:29:48,29.8,81.3,311,453
2026-09-28 02:29:53,29.8,81.3,309,454
2026-09-28 02:29:59,29.8,81.3,318,464
2026-09-28 02:30:04,29.8,81.3,319,463
2026-09-28 02:30:09,29.8,81.2,317,457
2026-09-28 02:30:14,29.8,81.3,298,463
2026-09-28 02:30:19,29.8,81.3,322,462
2026-09-28 02:30:24,29.8,81.3,314,464
2026-09-28 02:30:29,29.8,81.3,321,464
2026-09-28 02:30:34,29.8,81.3,317,464
2026-09-28 02:30:39,29.8,81.2,331,464
2026-09-28 02:30:45,29.9,81.2,330,461
2026-09-28 02:30:50,29.8,81.2,314,463
2026-09-28 02:30:55,29.8,81.2,318,464
2026-09-28 02:31:00,29.8,81.2,322,462
2026-09-28 02:31:05,29.9,81.2,313,458
2026-09-28 02:31:10,29.8,81.2,320,466
2026-09-28 02:31:15,29.8,81.2,326,462
2026-09-28 02:31:20,29.8,81.2,320,461
2026-09-28 02:31:25,29.9,81.2,329,456
2026-09-28 02:31:31,29.8,81.2,329,457
2026-09-28 02:31:36,29.8,81.2,315,464
2026-09-28 02:31:41,29.8,81.2,322,464
2026-09-28 02:31:46,29.8,81.3,320,464
2026-09-28 02:31:51,29.8,81.2,314,464
2026-09-28 02:31:56,29.8,81.3,325,463
2026-09-28 02:32:01,29.8,81.3,317,462
2026-09-28 02:32:06,29.8,81.2,303,461
2026-09-28 02:32:12,29.8,81.3,324,464
2026-09-28 02:32:17,29.8,81.2,327,464
2026-09-28 02:32:22,29.8,81.2,325,464
2026-09-28 02:32:27,29.8,81.3,321,464
2026-09-28 02:32:32,29.8,81.3,310,463
2026-09-28 02:32:37,29.8,81.3,319,464
2026-09-28 02:32:42,29.8,81.3,315,464
2026-09-28 02:32:47,29.8,81.3,320,464
2026-09-28 02:32:53,29.8,81.4,319,465
2026-09-28 02:32:58,29.8,81.3,314,464
2026-09-28 02:33:03,29.8,81.4,325,464
2026-09-28 02:33:08,29.8,81.3,315,464
2026-09-28 02:33:13,29.8,81.4,311,462
2026-09-28 02:33:18,29.8,81.3,307,460
2026-09-28 02:33:23,29.8,81.3,330,459
2026-09-28 02:33:28,29.8,81.4,318,463
2026-09-28 02:33:33,29.8,81.3,331,463
2026-09-28 02:33:39,29.8,81.3,323,457
2026-09-28 02:33:44,29.8,81.3,319,458
2026-09-28 02:33:49,29.8,81.3,315,464
2026-09-28 02:33:54,29.8,81.3,314,463
2026-09-28 02:33:59,29.8,81.3,320,459
2026-09-28 02:34:04,29.8,81.3,311,465
2026-09-28 02:34:09,29.8,81.4,323,458
2026-09-28 02:34:15,29.8,81.3,319,463
2026-09-28 02:34:20,29.8,81.3,315,463
2026-09-28 02:34:25,29.9,81.3,322,462
2026-09-28 02:34:30,29.8,81.3,320,457
2026-09-28 02:34:35,29.8,81.2,322,462
2026-09-28 02:34:40,29.8,81.2,313,451
2026-09-28 02:34:45,29.8,81.3,319,460
2026-09-28 02:34:50,29.8,81.3,321,461
2026-09-28 02:34:56,29.8,81.3,324,463
2026-09-28 02:35:01,29.8,81.3,313,454
2026-09-28 02:35:06,29.8,81.3,322,454
2026-09-28 02:35:11,29.8,81.4,320,461
2026-09-28 02:35:16,29.8,81.3,316,464
2026-09-28 02:35:21,29.8,81.3,314,463
2026-09-28 02:35:26,29.8,81.4,309,464
2026-09-28 02:35:31,29.8,81.3,320,453
2026-09-28 02:35:37,29.8,81.3,323,461
2026-09-28 02:35:42,29.8,81.4,305,459
2026-09-28 02:35:47,29.8,81.4,319,464
2026-09-28 02:35:52,29.8,81.4,285,462
2026-09-28 02:35:57,29.8,81.3,314,464
2026-09-28 02:36:02,29.8,81.4,304,459
2026-09-28 02:36:08,29.8,81.3,311,459
2026-09-28 02:36:13,29.8,81.3,320,463
2026-09-28 02:36:18,29.8,81.3,318,464
2026-09-28 02:36:23,29.8,81.3,319,464
2026-09-28 02:36:28,29.8,81.3,306,460
2026-09-28 02:36:33,29.8,81.4,308,453
2026-09-28 02:36:38,29.8,81.3,315,461
2026-09-28 02:36:43,29.8,81.3,312,462
2026-09-28 02:36:49,29.8,81.3,314,457
2026-09-28 02:36:54,29.8,81.4,321,464
2026-09-28 02:36:59,29.8,81.4,302,455
2026-09-28 02:37:04,29.8,81.3,322,464
2026-09-28 02:37:09,29.8,81.3,307,461
2026-09-28 02:37:14,29.8,81.3,329,459
2026-09-28 02:37:19,29.8,81.3,317,454
2026-09-28 02:37:24,29.8,81.4,309,459
2026-09-28 02:37:30,29.8,81.3,326,458
2026-09-28 02:37:35,29.8,81.4,322,461
2026-09-28 02:37:40,29.8,81.3,318,459
2026-09-28 02:37:45,29.8,81.3,320,464
2026-09-28 02:37:50,29.8,81.4,322,464
2026-09-28 02:37:55,29.8,81.4,327,464
2026-09-28 02:38:00,29.8,81.3,324,463
2026-09-28 02:38:05,29.8,81.3,324,463
2026-09-28 02:38:10,29.8,81.3,321,462
2026-09-28 02:38:16,29.8,81.4,331,464
2026-09-28 02:38:21,29.8,81.4,322,463
2026-09-28 02:38:26,29.8,81.3,317,461
2026-09-28 02:38:31,29.8,81.3,308,461
2026-09-28 02:38:36,29.8,81.3,320,466
2026-09-28 02:38:41,29.8,81.3,320,458
2026-09-28 02:38:46,29.8,81.3,319,459
2026-09-28 02:38:51,29.8,81.2,315,464
2026-09-28 02:38:57,29.8,81.3,320,464
2026-09-28 02:39:02,29.8,81.3,316,458
2026-09-28 02:39:07,29.8,81.3,335,461
2026-09-28 02:39:12,29.8,81.2,308,464
2026-09-28 02:39:17,29.8,81.2,324,463
2026-09-28 02:39:22,29.9,81.1,315,464
2026-09-28 02:39:27,29.8,81.2,308,458
2026-09-28 02:39:32,29.9,81.1,318,464
2026-09-28 02:39:37,29.9,81.1,322,464
2026-09-28 02:39:43,29.9,81.1,314,457
2026-09-28 02:39:48,29.9,81.0,323,464
2026-09-28 02:39:53,29.9,81.0,320,464
2026-09-28 02:39:58,29.9,80.9,321,462
2026-09-28 02:40:03,29.9,80.9,315,452
2026-09-28 02:40:08,29.9,80.9,321,461
2026-09-28 02:40:13,29.9,80.9,327,464
2026-09-28 02:40:18,29.9,80.9,307,454
2026-09-28 02:40:23,29.9,80.8,307,459
2026-09-28 02:40:29,29.9,80.9,312,464
2026-09-28 02:40:34,29.9,80.8,315,459
2026-09-28 02:40:39,29.9,80.8,307,464
2026-09-28 02:40:44,29.9,80.8,321,460
2026-09-28 02:40:49,30.0,80.7,320,461
2026-09-28 02:40:54,29.9,80.7,321,461
2026-09-28 02:40:59,29.9,80.7,322,463
2026-09-28 02:41:04,30.0,80.7,311,463
2026-09-28 02:41:09,29.9,80.8,320,455
2026-09-28 02:41:15,29.9,80.7,319,463
2026-09-28 02:41:20,30.0,80.7,320,457
2026-09-28 02:41:25,30.0,80.8,332,462
2026-09-28 02:41:30,30.0,80.7,307,460
2026-09-28 02:41:35,29.9,80.7,319,461
2026-09-28 02:41:40,30.0,80.7,315,455
2026-09-28 02:41:45,29.9,80.7,321,461
2026-09-28 02:41:50,29.9,80.7,321,464
2026-09-28 02:41:55,30.0,80.7,310,459
2026-09-28 02:42:01,30.0,80.7,315,457
2026-09-28 02:42:06,29.9,80.7,309,453
2026-09-28 02:42:11,30.0,80.7,307,458
2026-09-28 02:42:16,29.9,80.7,319,458
2026-09-28 02:42:21,29.9,80.7,321,459
2026-09-28 02:42:26,29.9,80.7,315,465
2026-09-28 02:42:31,30.0,80.6,319,459
2026-09-28 02:42:37,30.0,80.6,320,461
2026-09-28 02:42:42,30.0,80.7,308,457
2026-09-28 02:42:47,30.0,80.7,324,461
2026-09-28 02:42:52,30.0,80.7,322,462
2026-09-28 02:42:57,29.9,80.6,313,462
2026-09-28 02:43:02,30.0,80.6,320,460
2026-09-28 02:43:07,29.9,80.6,313,459
2026-09-28 02:43:12,30.0,80.6,319,459
2026-09-28 02:43:18,29.9,80.6,321,462
2026-09-28 02:43:23,30.0,80.6,306,450
2026-09-28 02:43:28,30.0,80.7,312,461
2026-09-28 02:43:33,30.0,80.6,319,457
2026-09-28 02:43:38,29.9,80.6,320,457
2026-09-28 02:43:43,30.0,80.7,323,462
2026-09-28 02:43:48,30.0,80.6,315,464
2026-09-28 02:43:53,30.0,80.6,306,451
2026-09-28 02:43:59,30.0,80.6,326,459
2026-09-28 02:44:04,30.0,80.6,319,458
2026-09-28 02:44:09,30.0,80.5,311,464
2026-09-28 02:44:14,30.0,80.6,317,457
2026-09-28 02:44:19,30.0,80.5,325,463
2026-09-28 02:44:24,30.0,80.6,317,463
2026-09-28 02:44:30,30.0,80.6,305,461
2026-09-28 02:44:35,30.0,80.6,320,464
2026-09-28 02:44:40,30.0,80.5,311,461
2026-09-28 02:44:45,30.0,80.5,319,458
2026-09-28 02:44:50,30.0,80.5,313,462
2026-09-28 02:44:55,30.0,80.4,317,459
2026-09-28 02:45:00,30.0,80.4,314,464
2026-09-28 02:45:05,30.0,80.5,320,464
2026-09-28 02:45:10,30.1,81.2,307,460
2026-09-28 02:45:16,30.0,81.1,320,451
2026-09-28 02:45:21,30.0,80.3,304,457
2026-09-28 03:13:11,30.1,81.1,321,461
2026-09-28 03:13:11,30.1,81.1,311,453
2026-09-28 03:13:11,30.0,81.1,310,457
2026-09-28 03:13:11,30.0,81.1,320,459
2026-09-28 03:13:11,30.0,81.1,315,460
2026-09-28 03:13:11,30.0,81.1,320,460
2026-09-28 03:13:11,30.0,80.3,325,459
2026-09-28 03:13:11,30.0,80.3,305,459
2026-09-28 03:13:11,30.0,80.3,320,464
2026-09-28 03:13:11,30.0,80.4,316,463
2026-09-28 03:13:11,30.0,81.1,307,464
2026-09-28 03:13:11,30.0,80.4,321,464
2026-09-28 03:13:11,30.0,80.4,322,458
2026-09-28 03:13:11,30.0,80.4,322,452
2026-09-28 03:13:11,30.0,81.1,316,451
2026-09-28 03:13:11,30.1,81.0,324,460
2026-09-28 03:13:11,30.1,81.0,315,464
2026-09-28 03:13:11,30.1,80.9,320,464
2026-09-28 03:13:11,30.1,80.9,319,464
2026-09-28 03:13:11,30.1,80.9,313,462
2026-09-28 03:13:11,30.1,80.9,310,464
2026-09-28 03:13:11,30.0,81.0,306,462
2026-09-28 03:13:11,30.0,80.9,321,464
2026-09-28 03:13:11,30.0,80.2,320,462
2026-09-28 03:13:11,30.1,81.0,310,462
2026-09-28 03:13:11,30.0,80.3,304,461
2026-09-28 03:13:11,30.1,81.1,305,448
2026-09-28 03:13:11,30.0,81.0,318,461
2026-09-28 03:13:11,30.0,80.3,315,459
2026-09-28 03:13:11,30.0,81.0,317,464
2026-09-28 03:13:11,30.0,81.0,326,464
2026-09-28 03:13:11,30.0,81.0,338,460
2026-09-28 03:13:11,30.0,81.0,322,463
2026-09-28 03:13:11,30.1,80.9,316,461
2026-09-28 03:13:11,30.1,80.9,315,459
2026-09-28 03:13:11,30.0,81.0,320,455
2026-09-28 03:13:11,30.0,80.3,320,459
2026-09-28 03:13:11,30.1,81.0,311,464
2026-09-28 03:13:11,30.0,80.3,319,462
2026-09-28 03:13:11,30.0,80.3,320,462
2026-09-28 03:13:11,30.0,81.1,317,460
2026-09-28 03:13:11,30.0,80.4,320,461
2026-09-28 03:13:11,30.0,80.4,320,461
2026-09-28 03:13:11,30.0,80.3,326,462
2026-09-28 03:13:12,30.0,81.0,315,453
2026-09-28 03:13:12,30.0,80.4,321,461
2026-09-28 03:13:12,30.0,80.3,320,464
2026-09-28 03:13:12,30.1,81.0,321,461
2026-09-28 03:13:12,30.0,80.9,311,454
2026-09-28 03:13:12,30.1,81.0,315,458
2026-09-28 03:13:12,30.1,80.9,305,464
2026-09-28 03:13:12,30.1,80.9,309,462
2026-09-28 03:13:12,30.1,80.8,319,462
2026-09-28 03:13:12,30.1,80.8,313,464
2026-09-28 03:13:12,30.1,80.7,319,462
2026-09-28 03:13:12,30.1,80.8,313,464
2026-09-28 03:13:12,30.1,80.8,320,462
2026-09-28 03:13:12,30.1,80.8,320,460
2026-09-28 03:13:12,30.1,80.9,326,463
2026-09-28 03:13:12,30.1,80.8,320,464
2026-09-28 03:13:12,30.1,80.9,321,454
2026-09-28 03:13:12,30.1,80.9,321,458
2026-09-28 03:13:12,30.0,80.2,313,461
2026-09-28 03:13:12,30.0,80.2,311,461
2026-09-28 03:13:12,30.0,80.3,323,453
2026-09-28 03:13:12,30.0,80.3,321,453
2026-09-28 03:13:12,30.0,81.0,304,461
2026-09-28 03:13:12,30.0,80.9,317,464
2026-09-28 03:13:12,30.0,80.2,316,455
2026-09-28 03:13:12,30.1,81.0,325,462
2026-09-28 03:13:12,30.0,80.9,316,464
2026-09-28 03:13:12,30.1,80.9,307,462
2026-09-28 03:13:12,30.1,80.9,315,464
2026-09-28 03:13:12,30.1,80.8,315,454
2026-09-28 03:13:12,30.1,80.8,326,464
2026-09-28 03:13:12,30.1,80.7,319,455
2026-09-28 03:13:12,30.1,80.7,320,461
2026-09-28 03:13:12,30.1,80.8,320,462
2026-09-28 03:13:12,30.1,80.8,335,451
2026-09-28 03:13:12,30.0,80.8,314,452
2026-09-28 03:13:12,30.1,80.8,306,448
2026-09-28 03:13:12,30.1,80.8,320,459
2026-09-28 03:13:12,30.1,80.8,316,459
2026-09-28 03:13:12,30.1,80.8,320,462
2026-09-28 03:13:12,30.1,80.8,321,453
2026-09-28 03:13:12,30.1,80.7,305,450
2026-09-28 03:13:12,30.1,80.7,307,458
2026-09-28 03:13:12,30.1,80.7,318,461
2026-09-28 03:13:12,30.1,80.8,315,464
2026-09-28 03:13:12,30.1,80.8,310,462
2026-09-28 03:13:12,30.1,80.8,320,462
2026-09-28 03:13:12,30.0,80.8,316,460
2026-09-28 03:13:12,30.1,80.8,314,454
2026-09-28 03:13:12,30.1,80.9,318,455
2026-09-28 03:13:12,30.1,80.7,320,461
2026-09-28 03:13:12,30.1,80.7,319,463
2026-09-28 03:13:12,30.1,80.7,311,455
2026-09-28 03:13:12,30.1,80.6,308,446
2026-09-28 03:13:12,30.1,80.7,305,457
2026-09-28 03:13:12,30.1,80.7,323,449
2026-09-28 03:13:12,30.1,80.7,339,457
2026-09-28 03:13:12,30.1,80.7,320,464
2026-09-28 03:13:12,30.1,80.7,320,464
2026-09-28 03:13:12,30.1,80.7,309,454
2026-09-28 03:13:12,30.1,80.7,318,457
2026-09-28 03:13:12,30.1,80.6,311,456
2026-09-28 03:13:12,30.1,80.7,312,448
2026-09-28 03:13:12,30.1,80.7,309,459
2026-09-28 03:13:12,30.1,80.6,318,462
2026-09-28 03:13:12,30.1,80.7,315,455
2026-09-28 03:13:12,30.1,80.6,315,463
2026-09-28 03:13:12,30.1,80.6,306,455
2026-09-28 03:13:12,30.1,80.6,321,463
2026-09-28 03:13:12,30.1,80.6,299,461
2026-09-28 03:13:12,30.1,80.6,319,464
2026-09-28 03:13:12,30.1,80.7,318,462
2026-09-28 03:13:12,30.1,80.7,319,461
2026-09-28 03:13:12,30.1,80.7,320,464
2026-09-28 03:13:12,30.1,80.7,317,461
2026-09-28 03:13:12,30.1,80.7,314,463
2026-09-28 03:13:12,30.1,80.7,315,455
2026-09-28 03:13:12,30.1,80.6,307,452
2026-09-28 03:13:12,30.1,80.5,313,455
2026-09-28 03:13:12,30.1,80.6,319,460
2026-09-28 03:45:25,30.1,80.6,304,464
2026-09-28 03:45:25,30.1,80.4,305,449
2026-09-28 03:45:25,30.1,80.4,311,463
2026-09-28 03:45:25,30.1,80.3,317,459
2026-09-28 03:45:25,30.1,80.4,310,461
2026-09-28 03:45:25,30.1,80.4,310,466
2026-09-28 03:45:25,30.2,80.4,305,464
2026-09-28 03:45:25,30.1,80.3,323,457
2026-09-28 03:45:25,30.2,80.4,310,461
2026-09-28 03:45:25,30.2,80.3,314,461
2026-09-28 03:45:25,30.1,80.4,314,461
2026-09-28 03:45:25,30.1,80.4,320,463
2026-09-28 03:45:25,30.1,80.3,315,463
2026-09-28 03:45:25,30.1,80.3,304,461
2026-09-28 03:45:25,30.1,80.3,317,460
2026-09-28 03:45:25,30.1,80.3,311,457
2026-09-28 03:45:25,30.1,80.3,299,455
2026-09-28 03:45:25,30.2,80.3,313,457
2026-09-28 03:45:25,30.1,80.3,309,455
2026-09-28 03:45:25,30.1,80.3,311,464
2026-09-28 03:45:25,30.1,80.4,290,448
2026-09-28 03:45:25,30.1,80.4,299,449
2026-09-28 03:45:25,30.1,80.4,307,459
2026-09-28 03:45:25,30.1,80.4,315,456
2026-09-28 03:45:25,30.1,80.4,304,454
2026-09-28 03:45:25,30.1,80.3,321,455
2026-09-28 03:45:25,30.2,80.4,297,464
2026-09-28 03:45:25,30.1,80.4,305,448
2026-09-28 03:45:25,30.1,80.4,320,462
2026-09-28 03:45:25,30.1,80.3,306,464
2026-09-28 03:45:25,30.1,80.3,311,461
2026-09-28 03:45:25,30.1,80.3,311,450
2026-09-28 03:45:25,30.2,80.3,307,448
2026-09-28 03:45:25,30.2,80.3,304,448
2026-09-28 03:45:25,30.2,80.3,315,464
2026-09-28 03:45:25,30.1,80.3,303,458
2026-09-28 03:45:25,30.2,80.3,321,453
2026-09-28 03:45:25,30.1,80.3,335,458
2026-09-28 03:45:25,30.2,80.3,308,461
2026-09-28 03:45:25,30.1,80.3,311,454
2026-09-28 03:45:25,30.1,80.3,307,463
2026-09-28 03:45:26,30.1,80.3,321,464
2026-09-28 03:45:26,30.1,80.4,318,453
2026-09-28 03:45:26,30.1,80.4,304,464
2026-09-28 03:45:26,30.1,80.3,311,463
2026-09-28 03:45:26,30.1,80.4,309,462
2026-09-28 03:45:26,30.1,80.3,307,462
2026-09-28 03:45:26,30.1,80.3,297,463
2026-09-28 03:45:26,30.1,80.4,310,458
2026-09-28 03:45:26,30.2,80.3,308,459
2026-09-28 03:45:26,30.1,80.3,305,453
2026-09-28 03:45:26,30.1,80.3,315,464
2026-09-28 03:45:26,30.1,80.3,314,454
2026-09-28 03:45:26,30.1,80.3,310,455
2026-09-28 03:45:26,30.1,80.3,318,458
2026-09-28 03:45:26,30.1,80.4,302,464
2026-09-28 03:45:26,30.1,80.3,308,457
2026-09-28 03:45:26,30.1,80.3,297,457
2026-09-28 03:45:26,30.1,80.3,305,458
2026-09-28 03:45:26,30.1,80.3,311,464
2026-09-28 03:45:26,30.1,80.3,304,455
2026-09-28 03:45:26,30.1,80.4,319,464
2026-09-28 03:45:26,30.1,80.3,306,460
2026-09-28 03:45:26,30.1,80.4,305,454
2026-09-28 03:45:26,30.1,80.4,303,453
2026-09-28 03:45:26,30.1,80.4,313,464
2026-09-28 03:45:26,30.1,80.3,306,457
2026-09-28 03:45:26,30.1,80.4,305,460
2026-09-28 03:45:26,30.1,80.4,312,461
2026-09-28 03:45:26,30.1,80.3,313,457
2026-09-28 03:45:26,30.2,80.4,304,460
2026-09-28 03:45:26,30.1,80.4,306,458
2026-09-28 03:45:26,30.1,80.3,304,454
2026-09-28 03:45:26,30.1,80.4,302,461
2026-09-28 03:45:26,30.1,80.4,307,464
2026-09-28 03:45:26,30.1,80.4,317,455
2026-09-28 03:45:26,30.1,80.4,306,450
2026-09-28 03:45:26,30.1,80.3,304,449
2026-09-28 03:45:26,30.1,80.3,293,458
2026-09-28 03:45:26,30.1,80.3,301,460
2026-09-28 03:45:26,30.1,80.3,320,463
2026-09-28 03:45:26,30.1,80.3,315,464
2026-09-28 03:45:26,30.1,80.4,315,457
2026-09-28 03:45:26,30.1,80.3,307,459
2026-09-28 03:45:26,30.1,80.5,313,460
2026-09-28 03:45:26,30.1,80.4,297,450
2026-09-28 03:45:26,30.1,80.4,305,455
2026-09-28 03:45:26,30.1,80.5,303,461
2026-09-28 03:45:26,30.1,80.4,314,459
2026-09-28 03:45:26,30.1,80.4,305,449
2026-09-28 03:45:26,30.1,80.4,305,461
2026-09-28 03:45:26,30.1,80.4,306,455
2026-09-28 03:45:26,30.1,80.4,295,462
2026-09-28 03:45:26,30.1,80.4,307,459
2026-09-28 03:45:26,30.1,80.3,306,450
2026-09-28 03:45:26,30.1,80.4,309,463
2026-09-28 03:45:26,30.1,80.4,304,459
2026-09-28 03:45:26,30.1,80.5,301,461
2026-09-28 03:45:26,30.1,80.4,315,458
2026-09-28 03:45:26,30.1,80.4,320,460
2026-09-28 03:45:26,30.1,80.5,308,455
2026-09-28 03:45:26,30.1,80.4,309,458
2026-09-28 03:45:26,30.1,80.5,298,478
2026-09-28 03:45:26,30.1,80.4,304,448
2026-09-28 03:45:26,30.0,80.5,309,457
2026-09-28 03:45:26,30.1,80.5,316,453
2026-09-28 03:45:26,30.1,80.4,307,458
2026-09-28 03:45:26,30.1,80.5,306,461
2026-09-28 03:45:26,30.1,80.5,302,455
2026-09-28 03:45:26,30.1,80.4,304,457
2026-09-28 03:45:26,30.1,80.4,294,462
2026-09-28 03:45:26,30.1,80.4,305,450
2026-09-28 03:45:26,30.1,80.4,319,459
2026-09-28 03:45:26,30.1,80.4,336,456
2026-09-28 03:45:26,30.1,80.5,303,454
2026-09-28 03:45:26,30.1,80.4,302,463
2026-09-28 03:45:26,30.1,80.4,312,459
2026-09-28 03:45:26,30.1,80.5,304,461
2026-09-28 03:45:26,30.1,80.4,306,462
2026-09-28 03:45:26,30.1,80.5,316,455
2026-09-28 03:45:26,30.1,80.5,308,453
2026-09-28 03:45:26,30.0,80.6,309,459
2026-09-28 03:45:26,30.0,79.9,310,458
2026-09-28 03:45:26,30.0,79.8,309,454
2026-09-28 03:45:26,30.1,80.5,306,455
2026-09-28 03:45:26,30.1,80.5,307,459
2026-09-28 03:45:26,30.1,80.5,311,462
2026-09-28 03:45:26,30.1,80.4,303,462
2026-09-28 03:45:26,30.1,80.4,308,455
2026-09-28 03:45:27,30.1,80.3,293,458
2026-09-28 03:45:32,30.1,80.3,300,462
2026-09-28 03:45:38,30.1,80.3,305,453
2026-09-28 03:45:43,30.0,80.3,303,459
2026-09-28 03:45:48,30.1,80.3,312,456
2026-09-28 03:45:53,30.0,80.3,299,462
2026-09-28 03:45:58,30.1,80.3,306,462
2026-09-28 03:46:04,30.1,80.4,310,464
2026-09-28 03:46:09,30.1,80.3,303,459
2026-09-28 03:46:14,30.1,80.3,298,464
2026-09-28 03:46:19,30.1,80.4,305,461
2026-09-28 03:46:24,30.1,80.3,304,461
2026-09-28 03:46:29,30.1,80.3,298,453
2026-09-28 03:46:34,30.1,80.3,305,462
2026-09-28 03:46:39,30.1,80.2,304,462
2026-09-28 03:46:45,30.1,80.3,312,459
2026-09-28 03:46:50,30.1,80.3,315,459
2026-09-28 03:46:55,30.1,80.3,291,463
2026-09-28 03:47:00,30.0,80.3,311,455
2026-09-28 03:47:05,30.1,80.3,311,460
2026-09-28 03:47:10,30.1,80.4,304,462
2026-09-28 03:47:16,30.0,80.3,304,460
2026-09-28 03:47:21,30.0,80.3,305,461
2026-09-28 03:47:26,30.1,80.4,319,461
2026-09-28 03:47:31,30.1,80.3,304,462
2026-09-28 03:47:36,30.1,80.4,305,464
2026-09-28 03:47:41,30.0,80.4,301,455
2026-09-28 03:47:46,30.0,80.4,313,459
2026-09-28 03:47:52,30.0,80.4,308,463
2026-09-28 03:47:57,30.0,79.7,305,462
2026-09-28 03:48:02,30.0,80.4,320,457
2026-09-28 03:48:07,30.0,80.4,311,464
2026-09-28 03:48:12,30.0,80.5,301,464
2026-09-28 03:48:17,30.1,80.4,315,459
2026-09-28 03:48:22,30.0,80.4,288,462
2026-09-28 03:48:27,30.0,80.4,306,461
2026-09-28 03:48:33,30.0,79.8,303,464
2026-09-28 03:48:38,30.0,79.8,307,464
2026-09-28 03:48:43,30.0,80.5,329,451
2026-09-28 03:48:48,30.0,80.5,305,452
2026-09-28 03:48:53,30.0,80.5,309,458
2026-09-28 03:48:58,30.0,80.4,309,455
2026-09-28 03:49:03,30.1,80.5,308,458
2026-09-28 03:49:08,30.0,80.5,315,464
2026-09-28 03:49:14,30.1,80.4,304,455
2026-09-28 03:49:19,30.0,80.4,304,463
2026-09-28 03:49:24,30.0,80.3,304,455
2026-09-28 03:49:29,30.0,80.4,307,463
2026-09-28 03:49:34,30.1,80.4,309,459
2026-09-28 03:49:39,30.0,80.4,313,460
2026-09-28 03:49:44,30.1,80.4,313,462
2026-09-28 03:49:50,30.1,80.3,317,460
2026-09-28 03:49:55,30.1,80.3,313,464
2026-09-28 03:50:00,30.0,80.4,304,459
2026-09-28 03:50:05,30.1,80.4,317,453
2026-09-28 03:50:10,30.1,80.3,304,454
2026-09-28 03:50:15,30.0,80.4,315,459
2026-09-28 03:50:20,30.1,80.4,314,461
2026-09-28 03:50:26,30.0,80.3,304,463
2026-09-28 03:50:31,30.1,80.4,311,470
2026-09-28 03:50:36,30.1,80.3,309,457
2026-09-28 03:50:41,30.1,80.3,320,461
2026-09-28 03:50:46,30.0,80.3,304,459
2026-09-28 03:50:51,30.1,80.3,303,462
2026-09-28 03:50:56,30.1,80.4,313,455
2026-09-28 03:51:01,30.1,80.3,313,461
2026-09-28 03:51:07,30.1,80.3,301,456
2026-09-28 03:51:12,30.1,80.4,307,458
2026-09-28 03:51:17,30.0,80.4,316,463
2026-09-28 03:51:22,30.0,79.7,320,455
2026-09-28 03:51:27,30.0,80.4,304,462
2026-09-28 03:51:32,30.0,80.4,309,462
2026-09-28 03:51:37,30.0,80.4,307,463
2026-09-28 03:51:42,30.0,79.7,292,459
2026-09-28 03:51:48,30.0,80.4,312,462
2026-09-28 03:51:53,30.0,79.8,315,458
2026-09-28 03:51:58,30.0,79.8,313,463
2026-09-28 03:52:03,30.0,79.8,316,458
2026-09-28 03:52:11,30.0,79.8,332,458
2026-09-28 03:52:16,30.0,79.9,311,458
2026-09-28 03:52:21,30.0,79.9,327,462
2026-09-28 03:52:27,30.0,79.9,304,458
2026-09-28 03:52:32,30.0,79.9,299,458
2026-09-28 03:52:37,30.0,79.8,313,464
2026-09-28 03:52:42,30.0,79.9,308,455
2026-09-28 03:52:47,30.0,79.8,315,463
2026-09-28 03:52:52,30.0,79.8,320,457
2026-09-28 03:52:57,30.0,79.9,305,464
2026-09-28 03:53:02,30.0,80.5,321,459
2026-09-28 03:53:07,30.0,79.8,307,455
2026-09-28 03:53:12,30.0,79.8,304,464
2026-09-28 03:53:18,30.0,80.5,307,462
2026-09-28 03:53:23,30.0,79.8,315,454
2026-09-28 03:53:28,30.0,79.8,318,464
2026-09-28 03:53:33,30.0,79.8,320,460
2026-09-28 03:53:38,30.0,79.8,306,454
2026-09-28 03:53:43,30.0,79.8,291,464
2026-09-28 03:53:48,30.0,79.9,307,464
2026-09-28 03:53:53,30.0,79.8,320,464
2026-09-28 03:53:59,30.0,79.8,311,453
2026-09-28 03:54:04,30.0,79.9,304,464
2026-09-28 03:54:09,30.0,79.9,313,458
2026-09-28 03:54:14,30.0,79.8,310,458
2026-09-28 03:54:19,30.0,79.8,304,455
2026-09-28 03:54:24,30.0,79.8,315,452
2026-09-28 03:54:29,30.0,80.5,310,465
2026-09-28 03:54:35,30.0,79.7,313,459
2026-09-28 03:54:40,30.0,79.7,291,462
2026-09-28 03:54:45,30.0,80.4,320,464
2026-09-28 03:54:50,30.0,80.4,313,455
2026-09-28 03:54:55,30.0,79.7,313,460
2026-09-28 03:55:00,30.0,79.7,317,454
2026-09-28 03:55:05,30.0,79.7,313,459
2026-09-28 03:55:11,30.0,80.4,309,462
2026-09-28 03:55:16,30.0,79.8,305,464
2026-09-28 03:55:21,30.0,79.7,307,460
2026-09-28 03:55:26,30.0,79.7,310,464
2026-09-28 03:55:31,30.0,79.7,311,464
2026-09-28 03:55:36,30.0,79.7,310,461
2026-09-28 03:55:42,30.0,79.7,311,461
2026-09-28 03:55:47,30.0,79.7,304,453
2026-09-28 03:55:52,30.0,79.7,313,453
2026-09-28 03:55:57,30.0,79.7,304,463
2026-09-28 03:56:02,30.0,79.7,313,461
2026-09-28 03:56:07,30.0,80.4,304,457
2026-09-28 03:56:12,30.0,80.5,305,459
2026-09-28 03:56:18,30.0,79.7,317,463
2026-09-28 03:56:23,30.0,80.4,306,457
2026-09-28 03:56:28,30.0,79.8,307,462
2026-09-28 03:56:33,30.0,79.7,320,464
2026-09-28 03:56:38,30.0,79.7,320,462
2026-09-28 03:56:43,30.0,79.7,309,461
2026-09-28 03:56:48,30.0,79.7,301,462
2026-09-28 03:56:53,30.1,80.4,319,461
2026-09-28 03:57:17,30.1,80.4,313,449
2026-09-28 12:43:41,26.2,54.7,270,1767
2026-09-28 12:43:47,26.2,54.7,272,1682
2026-09-28 12:43:52,26.1,54.7,336,1648
2026-09-28 12:43:58,26.1,54.4,305,1737
2026-09-28 12:44:03,26.1,54.4,256,1681
2026-09-28 12:44:09,26.1,54.5,258,1681
2026-09-28 12:44:14,26.1,54.6,262,1724
2026-09-28 12:44:20,26.1,54.5,313,1643
2026-09-28 12:44:25,26.1,54.6,307,1794
2026-09-28 12:44:31,26.0,54.6,270,1755
2026-09-28 12:44:36,26.0,54.6,348,1744
2026-09-28 12:44:45,26.0,54.5,257,1740
2026-09-28 12:44:50,26.0,54.6,358,1720
2026-09-28 12:44:56,26.0,54.8,386,1725
2026-09-28 12:45:01,26.0,55.2,337,1728
2026-09-28 12:45:07,26.0,55.3,336,1723
2026-09-28 12:45:13,26.0,55.2,320,1710
2026-09-28 12:45:18,26.0,54.9,288,1727
2026-09-28 12:45:24,26.0,54.9,326,1702
2026-09-28 12:45:29,26.1,54.5,302,1690
2026-09-28 12:45:35,26.1,54.4,331,1713
2026-09-28 12:45:41,26.1,54.3,269,1681
2026-09-28 12:45:46,26.1,54.2,260,1682
2026-09-28 12:45:51,26.0,54.2,288,1730
2026-09-28 12:45:57,26.1,54.2,290,1698
2026-09-28 12:46:02,26.1,54.4,321,1682
2026-09-28 12:46:08,26.0,54.2,320,1731
2026-09-28 12:46:13,26.0,54.2,291,1731
2026-09-28 12:46:19,26.1,54.6,304,1728
2026-09-28 12:46:24,26.1,54.6,304,1717
2026-09-28 12:46:29,26.1,54.4,304,1709
2026-09-28 12:46:35,26.1,54.4,321,1713
2026-09-28 12:46:40,26.1,54.3,275,1580
2026-09-28 12:46:46,26.1,54.0,283,1570
2026-09-28 12:46:51,26.1,54.0,289,1610
2026-09-28 12:47:05,26.1,53.9,145,1649
2026-09-28 12:47:11,26.1,53.8,368,1691
2026-09-28 12:47:16,26.1,53.8,270,1725
2026-09-28 12:47:22,26.1,53.7,275,1677
2026-09-28 12:47:27,26.1,53.6,304,1714
2026-09-28 12:47:32,26.1,53.5,209,1731
2026-09-28 12:47:38,26.1,53.6,246,1728
2026-09-28 12:47:43,26.1,53.6,290,1712
2026-09-28 12:47:49,26.1,53.5,330,1719
2026-09-28 12:47:54,26.1,53.6,368,1728
2026-09-28 12:48:00,26.1,53.5,355,1746
2026-09-28 12:48:05,26.1,53.5,315,1728
2026-09-28 12:48:10,26.1,53.6,251,1795
2026-09-28 12:49:17,26.2,53.2,264,1779
2026-09-28 12:49:22,26.1,53.2,259,1759
2026-09-28 12:49:28,26.1,53.1,272,1682
2026-09-28 12:49:33,26.1,53.0,304,1696
2026-09-28 12:49:39,26.1,53.1,210,1711
2026-09-28 12:49:44,26.1,53.0,243,1747
2026-09-28 12:49:50,26.1,53.2,336,1744
2026-09-28 12:49:55,26.2,53.1,245,1759
2026-09-28 12:50:01,26.1,53.1,253,1769
2026-09-28 12:50:06,26.1,53.0,292,1744
2026-09-28 12:50:14,26.1,52.9,287,1677
2026-09-28 12:50:20,26.1,52.8,270,1751
2026-09-28 12:50:25,26.1,52.9,234,1744
2026-09-28 12:50:31,26.1,52.6,173,1664
2026-09-28 12:50:36,26.1,52.5,257,1667
2026-09-28 12:50:42,26.1,52.6,315,1724
2026-09-28 12:50:51,26.1,52.5,228,1617
2026-09-28 12:50:56,26.1,52.6,321,1699
2026-09-28 12:51:02,26.1,52.6,352,1717
2026-09-28 12:51:08,26.1,52.6,320,1711
2026-09-28 12:51:14,26.1,52.5,304,1721
2026-09-28 12:51:19,26.1,52.8,309,1734
2026-09-28 12:51:25,26.1,52.7,317,1733
2026-09-28 12:51:30,26.1,52.7,301,1727
2026-09-28 12:51:36,26.1,52.4,257,1723
2026-09-28 12:51:41,26.1,52.5,245,1679
2026-09-28 12:51:47,26.1,52.3,281,1716
2026-09-28 12:51:52,26.1,52.1,286,1737
2026-09-28 12:51:58,26.1,52.1,291,1703
2026-09-28 12:52:04,26.1,52.2,282,1723
2026-09-28 12:52:09,26.1,52.4,273,1722
2026-09-28 12:52:15,26.1,52.2,298,1728
2026-09-28 12:52:20,26.1,52.1,239,1723
2026-09-28 12:52:25,26.1,51.9,283,1744
2026-09-28 12:52:31,26.1,51.9,267,1725
2026-09-28 12:52:36,26.1,51.9,255,1712
2026-09-28 12:52:42,26.1,51.6,273,1637
2026-09-28 12:52:47,26.0,51.7,299,1759
2026-09-28 12:52:52,26.0,51.7,265,1727
2026-09-28 12:52:58,26.0,51.8,240,1701
2026-09-28 12:53:04,26.0,51.6,281,2373
2026-09-28 12:53:09,26.0,51.8,251,2007
2026-09-28 12:53:15,26.0,52.2,279,1669
2026-09-28 12:53:20,26.0,51.7,263,1901
2026-09-28 12:53:26,26.0,51.7,282,2230
2026-09-28 12:53:32,26.0,51.8,315,1633
2026-09-28 12:53:37,26.0,51.6,304,1719
2026-09-28 12:53:43,26.0,51.7,242,1722
2026-09-28 12:53:48,25.9,51.6,284,1655
2026-09-28 12:53:54,25.9,51.6,336,1617
2026-09-28 12:53:59,26.0,51.7,303,1651
2026-09-28 12:54:05,25.9,51.7,286,1578
2026-09-28 12:54:10,25.9,52.1,285,1643
2026-09-28 12:54:15,25.9,51.8,304,1638
2026-09-28 12:54:21,25.9,51.7,317,1661
2026-09-28 12:54:26,25.8,51.7,272,1677
2026-09-28 12:54:31,25.8,51.7,320,1648
2026-09-28 12:54:37,25.8,51.7,272,1680
2026-09-28 12:54:43,25.8,51.6,253,1662
2026-09-28 12:54:48,25.8,51.7,247,1673
2026-09-28 12:54:54,25.8,51.6,281,1695
2026-09-28 12:54:59,25.8,51.7,272,1709
2026-09-28 12:55:05,25.8,51.6,269,1730
2026-09-28 12:55:11,25.8,51.7,256,1723
2026-09-28 12:55:16,25.8,52.0,265,1630
2026-09-28 12:55:21,25.8,51.9,283,1634
2026-09-28 12:55:27,25.8,51.9,268,1626
2026-09-28 12:55:33,25.8,51.9,259,1648
2026-09-28 12:55:38,25.8,51.7,283,1623
2026-09-28 12:55:44,25.8,51.5,306,1654
2026-09-28 12:55:50,25.8,51.4,272,4095
2026-09-28 12:55:55,25.8,51.4,285,1569
2026-09-28 12:56:00,25.8,51.1,291,1552
2026-09-28 12:56:06,25.8,51.3,278,1561
2026-09-28 12:56:11,25.8,51.1,284,1553
2026-09-28 12:56:16,25.8,51.2,292,1666
2026-09-28 12:56:22,25.8,51.1,276,1634
2026-09-28 12:56:28,25.8,51.2,299,1662
2026-09-28 12:56:33,25.8,51.3,223,1671
2026-09-28 12:56:39,25.8,51.5,256,1663
2026-09-28 12:56:44,25.8,51.4,275,1702
2026-09-28 12:56:50,25.8,51.4,277,1615
2026-09-28 12:56:55,25.8,51.4,246,1683
2026-09-28 12:57:01,25.8,51.2,247,1702
2026-09-28 12:57:06,25.8,51.3,282,1685
2026-09-28 12:57:11,25.8,51.0,263,1680
2026-09-28 12:57:17,25.8,51.0,289,1657
2026-09-28 12:57:22,25.8,51.0,295,1648
2026-09-28 12:57:28,25.8,50.9,246,1638
2026-09-28 12:57:33,25.8,51.0,286,1601
2026-09-28 12:57:39,25.8,51.0,240,1574
2026-09-28 12:57:45,25.8,50.9,327,1681
2026-09-28 12:57:50,25.8,51.1,260,1696
2026-09-28 12:57:56,25.7,50.9,273,1715
2026-09-28 12:58:01,25.8,50.9,289,1713
2026-09-28 12:58:07,25.8,50.8,266,1671
2026-09-28 12:58:12,25.7,50.8,272,1693
2026-09-28 12:58:18,25.7,50.9,299,1679
2026-09-28 12:58:24,25.7,50.8,314,1677
2026-09-28 12:58:29,25.7,50.8,273,1644
2026-09-28 12:58:35,25.7,50.7,274,1709
2026-09-28 12:58:40,25.7,51.0,278,1691
2026-09-28 12:58:45,25.7,51.0,251,1680
2026-09-28 12:58:51,25.7,50.8,289,1680
2026-09-28 12:58:56,25.7,50.9,272,1675
2026-09-28 12:59:02,25.7,51.0,275,1648
2026-09-28 12:59:07,25.6,50.9,240,1655
2026-09-28 12:59:13,25.7,50.8,269,1685
2026-09-28 12:59:19,25.6,50.7,249,1664
2026-09-28 12:59:24,25.6,50.7,297,1723
2026-09-28 12:59:30,25.6,50.8,256,1712
2026-09-28 12:59:35,25.6,50.7,264,1733
2026-09-28 12:59:41,25.6,50.7,271,1712
2026-09-28 12:59:46,25.6,50.7,240,1690
2026-09-28 12:59:51,25.6,50.8,275,1668
2026-09-28 12:59:57,25.6,50.7,256,1686
2026-09-28 13:00:03,25.5,50.7,285,1705
2026-09-28 13:00:08,25.6,50.7,263,1696
2026-09-28 13:00:14,25.5,50.7,258,1674
2026-09-28 13:00:20,25.5,50.7,303,1733
2026-09-28 13:00:25,25.5,50.8,275,1684
2026-09-28 13:00:30,25.5,50.8,266,1669
2026-09-28 13:00:36,25.5,50.8,257,1715
2026-09-28 13:00:42,25.5,51.0,307,1706
2026-09-28 13:00:47,25.5,51.0,292,1681
2026-09-28 13:00:52,25.5,50.8,309,1693
2026-09-28 13:00:58,25.5,50.8,271,1687
2026-09-28 13:01:04,25.4,50.9,277,1673
2026-09-28 13:01:09,25.5,50.8,292,1712
2026-09-28 13:01:14,25.4,50.9,249,1711
2026-09-28 13:01:20,25.4,50.8,254,1667
2026-09-28 13:01:26,25.4,50.8,314,1676
2026-09-28 13:01:31,25.5,50.7,268,1663
2026-09-28 13:01:37,25.4,50.8,253,1705
2026-09-28 13:01:42,25.4,50.8,258,1680
2026-09-28 13:01:48,25.4,50.8,294,1677
2026-09-28 13:01:53,25.5,50.8,276,1617
2026-09-28 13:01:58,25.5,50.7,261,1619
2026-09-28 13:02:04,25.5,50.7,288,1649
2026-09-28 13:02:09,25.4,50.5,252,1609
2026-09-28 13:02:15,25.5,50.6,246,1664
2026-09-28 13:02:20,25.4,50.5,251,1671
2026-09-28 13:02:26,25.4,50.5,271,1649
2026-09-28 13:02:31,25.4,50.4,269,1675
2026-09-28 13:02:37,25.4,50.5,277,1645
2026-09-28 13:02:42,25.4,50.4,251,1685
2026-09-28 13:02:48,25.4,50.4,273,1635
2026-09-28 13:02:53,25.4,50.3,285,1686
2026-09-28 13:02:58,25.5,50.1,257,1648
2026-09-28 13:03:04,25.4,50.1,326,1668
2026-09-28 13:03:09,25.4,50.1,272,1688
2026-09-28 13:03:14,25.4,50.2,256,1632
2026-09-28 13:03:51,25.3,50.0,247,1664
2026-09-28 13:03:56,25.4,50.0,253,1647
2026-09-28 13:04:02,25.4,50.1,278,1647
2026-09-28 13:04:08,25.4,50.1,245,1634
2026-09-28 13:04:13,25.3,49.9,238,1649
2026-09-28 13:04:19,25.3,50.0,298,1616
2026-09-28 13:04:24,25.3,50.1,284,1619
2026-09-28 13:04:30,25.3,50.1,247,1638
2026-09-28 13:04:35,25.3,50.2,272,1595
2026-09-28 13:04:41,25.3,50.1,281,1681
2026-09-28 13:04:46,25.3,50.0,262,1665
2026-09-28 13:04:52,25.3,50.0,269,1633
2026-09-28 13:04:57,25.3,50.0,242,1627
2026-09-28 13:05:03,25.3,50.1,220,1677
2026-09-28 13:05:09,25.3,49.9,288,1664
2026-09-28 13:05:14,25.3,49.8,281,1627
2026-09-28 13:05:19,25.3,49.9,233,1641
2026-09-28 13:05:24,25.3,49.9,284,1601
2026-09-28 13:05:30,25.3,49.8,269,1641
2026-09-28 13:05:36,25.3,49.8,223,1643
2026-09-28 13:05:41,25.3,49.9,273,1623
2026-09-28 13:05:47,25.4,49.8,255,1648
2026-09-28 13:05:52,25.3,49.6,283,1641
2026-09-28 13:05:57,25.4,49.6,279,1632
2026-09-28 13:06:03,25.3,49.6,281,1653
2026-09-28 13:06:08,25.3,49.6,246,1662
2026-09-28 13:06:14,25.4,49.6,282,1640
2026-09-28 13:06:19,25.3,49.5,230,1619
2026-09-28 13:06:24,25.3,49.4,240,1637
2026-09-28 13:06:30,25.3,49.5,291,1637
2026-09-28 13:21:46,25.3,49.5,229,1453
2026-09-28 13:21:46,25.3,49.6,240,1680
2026-09-28 13:21:46,25.2,49.5,272,1651
2026-09-28 13:21:46,25.2,49.7,248,1723
2026-09-28 13:21:46,25.2,49.8,319,1665
2026-09-28 13:21:46,25.2,49.9,304,1648
2026-09-28 13:21:46,25.3,49.6,273,1665
2026-09-28 13:21:46,25.3,50.0,241,1695
2026-09-29 12:00:19,32.5,71.0,1182,593
2026-09-29 12:00:25,32.5,71.0,1169,606
2026-09-29 12:00:30,32.5,71.0,1182,611
2026-09-29 12:00:35,32.5,70.9,1172,597
2026-09-29 12:00:41,32.6,70.9,1156,613
2026-09-29 12:00:46,32.5,70.9,1151,619
2026-09-29 12:00:52,32.6,70.9,1139,618
2026-09-29 12:00:57,32.6,70.9,1152,613
2026-09-29 12:01:02,32.5,70.8,1154,623
2026-09-29 12:01:07,32.6,70.7,1133,613
2026-09-29 12:01:12,32.6,70.9,1141,612
2026-09-29 12:01:18,32.5,70.8,1143,608
2026-09-29 12:01:23,32.5,70.8,1131,611
2026-09-29 12:01:29,32.5,70.8,1124,612
2026-09-29 12:01:34,32.5,70.8,1157,560
2026-09-29 12:01:48,32.5,70.8,464,579
2026-09-29 12:01:53,32.5,70.9,1093,654
2026-09-29 12:01:58,32.5,70.9,1294,647
2026-09-29 12:02:04,32.5,70.7,1277,644
2026-09-29 12:02:09,32.5,70.9,1214,641
2026-09-29 12:02:14,32.5,70.9,1173,640
2026-09-29 12:02:19,32.5,71.0,1153,640
2026-09-29 12:02:25,32.5,71.0,1124,644
2026-09-29 12:02:30,32.4,70.9,1115,640
2026-09-29 12:02:36,32.4,71.0,1106,640
2026-09-29 12:02:41,32.4,71.0,1100,640
2026-09-29 12:02:46,32.4,71.0,1110,650
2026-09-29 12:02:51,32.4,71.0,1094,650
2026-09-29 12:02:57,32.4,71.0,1086,646
2026-09-29 12:03:03,32.4,71.1,1101,638
2026-09-29 12:03:08,32.4,71.1,1089,640
2026-09-29 12:03:13,32.4,71.1,1089,640
2026-09-29 12:03:19,32.4,71.1,1084,640
2026-09-29 12:03:24,32.4,71.1,1083,638
2026-09-29 12:03:29,32.4,71.1,1073,629
2026-09-29 12:03:35,32.4,71.1,1074,645
2026-09-29 12:03:41,32.4,71.1,1066,636
2026-09-29 12:03:46,32.4,71.1,1061,638
2026-09-29 12:03:52,32.4,71.1,1055,640
2026-09-29 12:03:58,32.4,71.1,1040,655
2026-09-29 12:04:03,32.4,71.0,1033,637
2026-09-29 12:04:08,32.4,70.9,1046,637
2026-09-29 12:04:14,32.4,71.1,1033,630
2026-09-29 12:04:20,32.4,71.1,1040,592
2026-09-29 12:04:25,32.4,71.1,1055,625
2026-09-29 12:04:31,32.4,71.1,996,649
2026-09-29 12:04:36,32.4,71.1,1021,624
2026-09-29 12:04:42,32.4,71.1,1009,629
2026-09-29 12:04:47,32.4,71.1,1002,634
2026-09-29 12:04:53,32.4,71.1,999,633
2026-09-29 12:04:58,32.4,71.0,993,630
2026-09-29 12:05:04,32.4,70.9,1012,633
2026-09-29 12:05:09,32.4,71.0,1009,638
2026-09-29 12:05:14,32.4,71.0,1015,647
2026-09-29 12:05:20,32.4,71.0,1008,643
2026-09-29 12:05:25,32.4,71.0,1008,646
2026-09-29 12:05:31,32.4,71.0,1001,647
2026-09-29 12:05:36,32.4,71.0,1003,627
2026-09-29 12:05:41,32.4,71.1,990,630
2026-09-29 12:05:47,32.4,71.0,985,631
2026-09-29 12:05:53,32.4,70.9,981,637
2026-09-29 12:05:58,32.4,70.9,962,629
2026-09-29 12:06:03,32.4,70.8,946,635
2026-09-29 12:06:09,32.4,70.9,962,640
2026-09-29 12:06:14,32.4,70.8,955,650
2026-09-29 12:06:19,32.5,70.8,973,637
2026-09-29 12:06:25,32.4,70.8,950,641
2026-09-29 12:06:30,32.4,70.7,947,644
2026-09-29 12:06:36,32.5,70.6,955,645
2026-09-29 12:06:41,32.4,70.6,951,641
2026-09-29 12:06:47,32.4,70.7,960,641
2026-09-29 12:06:52,32.5,70.7,935,643
2026-09-29 12:06:58,32.5,70.6,957,628
2026-09-29 12:07:03,32.4,70.6,944,644
2026-09-29 12:07:09,32.4,70.4,959,635
2026-09-29 12:07:14,32.4,70.3,957,640
2026-09-29 12:07:19,32.4,70.5,944,637
2026-09-29 12:07:24,32.5,70.4,960,634
2026-09-29 12:07:29,32.4,70.4,945,639
2026-09-29 12:07:35,32.5,70.2,949,628
2026-09-29 12:07:40,32.5,70.4,937,629
2026-09-29 12:07:45,32.5,70.4,934,617
2026-09-29 12:07:51,32.5,70.4,938,627
2026-09-29 12:07:57,32.4,70.3,914,621
2026-09-29 12:08:02,32.5,70.2,906,622
2026-09-29 12:08:07,32.5,70.3,899,622
2026-09-29 12:08:13,32.5,70.2,896,624
2026-09-29 12:08:18,32.4,70.2,883,629
2026-09-29 12:08:23,32.4,70.1,899,622
2026-09-29 12:08:29,32.5,69.9,884,621
2026-09-29 12:08:34,32.5,69.8,888,622
2026-09-29 12:08:39,32.5,69.9,887,625
2026-09-29 12:08:44,32.5,70.0,905,613
2026-09-29 12:08:49,32.5,70.0,881,583
2026-09-29 12:08:54,32.5,70.0,901,597
2026-09-29 12:09:00,32.5,69.9,900,594
2026-09-29 12:09:05,32.5,69.9,883,582
2026-09-29 12:09:10,32.5,69.9,889,578
2026-09-29 12:09:16,32.5,69.9,885,624
2026-09-29 12:09:21,32.5,69.9,883,630
2026-09-29 12:09:26,32.5,69.8,880,631
2026-09-29 12:09:31,32.5,69.8,884,630
2026-09-29 12:09:37,32.5,69.9,885,640
2026-09-29 12:09:43,32.5,69.9,885,624
2026-09-29 12:09:48,32.5,69.9,890,627
2026-09-29 12:09:53,32.5,69.9,880,627
2026-09-29 12:09:58,32.5,69.9,848,633
2026-09-29 12:10:03,32.5,69.9,864,639
2026-09-29 12:10:09,32.5,69.9,854,643
2026-09-29 12:10:14,32.5,70.0,857,666
2026-09-29 12:10:20,32.5,69.9,865,646
2026-09-29 12:10:26,32.4,70.1,862,647
2026-09-29 12:10:31,32.5,70.0,854,640
2026-09-29 12:10:36,32.5,70.0,846,656
2026-09-29 12:10:41,32.5,70.0,842,637
2026-09-29 12:10:46,32.5,70.0,861,637
2026-09-29 12:10:52,32.5,70.1,865,635
2026-09-29 12:10:57,32.5,70.1,858,631
2026-09-29 12:11:02,32.5,70.0,843,633
2026-09-29 12:11:07,32.5,70.0,848,643
2026-09-29 12:11:12,32.5,70.0,848,644
2026-09-29 12:11:18,32.5,70.0,849,641
2026-09-29 12:11:23,32.5,70.0,854,607
2026-09-29 12:11:28,32.5,70.0,855,607
2026-09-29 12:11:33,32.5,70.0,845,630
2026-09-29 12:11:38,32.5,70.1,851,643
2026-09-29 12:11:43,32.5,70.0,832,656
2026-09-29 12:11:49,32.5,70.0,839,643
2026-09-29 12:11:54,32.5,70.0,823,646
2026-09-29 12:11:59,32.5,69.9,846,639
2026-09-29 12:12:04,32.5,70.0,839,651
2026-09-29 12:12:09,32.5,70.0,832,645
2026-09-29 12:12:15,32.5,70.1,829,639
2026-09-29 12:12:21,32.5,70.1,816,646
2026-09-29 12:12:26,32.5,70.0,814,655
2026-09-29 12:12:32,32.5,70.0,811,652
2026-09-29 12:12:37,32.5,70.0,803,652
2026-09-29 12:12:42,32.5,70.0,813,651
2026-09-29 12:12:48,32.5,70.0,804,637
2026-09-29 12:12:54,32.5,70.0,816,644
2026-09-29 12:12:59,32.5,70.0,825,643
2026-09-29 12:13:05,32.5,70.0,821,641
2026-09-29 12:13:11,32.5,70.0,817,646
2026-09-29 12:13:16,32.5,70.0,812,640
2026-09-29 12:13:22,32.5,70.0,803,643
2026-09-29 12:13:27,32.5,70.0,798,634
2026-09-29 12:13:33,32.5,70.0,787,624
2026-09-29 12:13:38,32.4,70.0,794,629
2026-09-29 12:13:43,32.5,70.0,797,632
2026-09-29 12:13:49,32.5,69.9,777,634
2026-09-29 12:13:54,32.5,69.9,784,651
2026-09-29 12:13:59,32.5,69.8,778,654
2026-09-29 12:14:05,32.5,69.7,784,646
2026-09-29 12:14:10,32.5,69.7,783,659
2026-09-29 12:14:15,32.5,69.7,782,657
2026-09-29 12:14:20,32.5,69.6,772,656
2026-09-29 12:14:26,32.5,69.4,756,641
2026-09-29 12:14:31,32.4,69.6,758,663
2026-09-29 12:14:36,32.5,69.5,764,656
2026-09-29 12:14:42,32.5,69.3,750,639
2026-09-29 12:14:47,32.5,69.4,770,528
2026-09-29 12:14:52,32.5,69.5,754,528
2026-09-29 12:14:58,32.5,69.6,741,528
2026-09-29 12:15:03,32.5,69.4,733,604
2026-09-29 12:15:09,32.5,69.4,742,624
2026-09-29 12:15:14,32.5,69.2,749,614
2026-09-29 12:15:19,32.5,69.2,750,617
2026-09-29 12:15:25,32.5,69.3,754,617
2026-09-29 12:15:30,32.5,69.3,768,626
2026-09-29 12:15:35,32.5,69.4,771,624
2026-09-29 12:15:41,32.5,69.4,757,624
2026-09-29 12:15:46,32.5,69.2,763,625
2026-09-29 12:15:51,32.5,69.2,765,621
2026-09-29 12:15:57,32.5,69.3,781,633
2026-09-29 12:16:03,32.5,69.4,766,652
2026-09-29 12:16:08,32.5,69.3,741,637
2026-09-29 12:16:14,32.5,69.4,752,645
2026-09-29 12:16:19,32.5,69.4,739,650
2026-09-29 12:16:24,32.5,69.3,737,640
2026-09-29 12:16:30,32.5,69.2,733,646
2026-09-29 12:16:35,32.5,69.2,741,659
2026-09-29 12:16:40,32.5,69.0,722,663
2026-09-29 12:16:45,32.5,68.9,735,647
2026-09-29 12:16:51,32.5,68.9,721,593
2026-09-29 12:16:56,32.5,69.1,738,400
2026-09-29 12:17:02,32.5,69.1,736,368
2026-09-29 12:17:07,32.5,68.8,749,387
2026-09-29 12:17:13,32.5,68.9,749,408
2026-09-29 12:17:18,32.5,69.0,726,432
2026-09-29 12:17:24,32.5,69.0,733,478
2026-09-29 12:17:29,32.5,69.0,743,501
2026-09-29 12:17:34,32.5,69.0,737,560
2026-09-29 12:17:40,32.5,69.0,733,676
2026-09-29 12:17:45,32.5,69.0,720,731
2026-09-29 12:17:51,32.5,69.0,711,703
2026-09-29 12:17:56,32.5,69.0,709,695
2026-09-29 12:18:01,32.5,69.0,716,679
2026-09-29 12:18:06,32.5,69.0,706,669
2026-09-29 12:18:12,32.5,69.1,707,643
2026-09-29 12:18:17,32.5,69.1,711,646
2026-09-29 12:18:22,32.5,69.1,733,648
2026-09-29 12:18:27,32.5,69.1,720,645
2026-09-29 12:18:32,32.5,69.2,718,638
2026-09-29 12:18:37,32.5,69.2,714,639
2026-09-29 12:18:43,32.5,69.2,725,643
2026-09-29 12:18:48,32.5,69.2,720,641
2026-09-29 12:18:53,32.5,69.1,711,606
2026-09-29 12:18:58,32.5,69.0,704,603
2026-09-29 12:19:04,32.5,69.0,710,608
2026-09-29 12:19:09,32.5,69.1,721,602
2026-09-29 12:19:15,32.5,69.1,720,640
2026-09-29 12:19:20,32.5,69.1,732,641
2026-09-29 12:19:25,32.5,69.2,720,593
2026-09-29 12:19:31,32.5,69.2,718,615
2026-09-29 12:19:36,32.5,69.1,721,639
2026-09-29 12:19:42,32.5,69.2,701,615
2026-09-29 12:19:47,32.5,69.0,708,609
2026-09-29 12:19:53,32.5,69.1,711,623
2026-09-29 12:19:58,32.5,69.0,707,620
2026-09-29 12:20:03,32.5,69.0,722,624
2026-09-29 12:20:09,32.5,69.0,713,611
2026-09-29 12:20:14,32.5,69.1,720,623
2026-09-29 12:20:20,32.5,69.0,719,624
2026-09-29 12:20:25,32.5,69.0,710,618
2026-09-29 12:20:31,32.6,69.1,720,619
2026-09-29 12:20:36,32.5,69.0,721,622
2026-09-29 12:20:42,32.5,69.1,731,629
2026-09-29 12:20:47,32.5,69.1,735,624
2026-09-29 12:20:52,32.5,69.1,713,613
2026-09-29 12:20:57,32.5,69.1,708,577
2026-09-29 12:21:02,32.5,69.1,711,610
2026-09-29 12:21:07,32.5,69.1,707,576
2026-09-29 12:21:13,32.5,69.1,709,496
2026-09-29 12:21:18,32.5,69.1,701,394
2026-09-29 12:21:23,32.5,69.0,707,391
2026-09-29 12:21:28,32.5,69.1,718,391
2026-09-29 12:21:33,32.5,69.2,716,363
2026-09-29 12:21:38,32.5,69.1,710,437
2026-09-29 12:21:43,32.5,69.2,704,592
2026-09-29 12:21:49,32.5,69.2,701,624
2026-09-29 12:21:54,32.5,69.5,705,633
2026-09-29 12:21:59,32.6,69.4,724,624
2026-09-29 12:22:05,32.6,69.3,729,623
2026-09-29 12:22:11,32.7,69.1,720,627
2026-09-29 12:22:16,32.7,68.8,738,652
2026-09-29 12:22:21,32.7,68.6,732,640
2026-09-29 12:22:26,32.7,68.7,717,643
2026-09-29 12:22:31,32.7,68.6,695,624
2026-09-29 12:22:37,32.7,68.6,679,625
2026-09-29 12:22:42,32.7,68.7,694,634
2026-09-29 12:22:47,32.7,68.7,691,624
2026-09-29 12:22:52,32.7,68.8,693,623
2026-09-29 12:22:57,32.7,68.8,711,614
2026-09-29 12:23:02,32.6,68.9,717,623
2026-09-29 12:23:07,32.6,69.0,702,614
2026-09-29 12:23:12,32.6,68.9,695,612
2026-09-29 12:23:17,32.6,69.0,720,640
2026-09-29 12:23:23,32.6,69.0,718,640
2026-09-29 12:23:28,32.6,69.0,707,635
2026-09-29 12:23:33,32.6,69.0,698,635
2026-09-29 12:23:38,32.6,69.1,693,639
2026-09-29 12:23:43,32.6,69.1,683,643
2026-09-29 12:23:49,32.6,69.1,689,649
2026-09-29 12:23:55,32.6,69.0,671,643
2026-09-29 12:24:00,32.6,69.1,693,651
2026-09-29 12:24:06,32.6,69.1,690,657
2026-09-29 12:24:11,32.6,69.1,673,649
2026-09-29 12:24:16,32.6,69.1,673,637
2026-09-29 12:24:22,32.6,69.1,687,650
2026-09-29 12:24:27,32.6,69.1,679,636
2026-09-29 12:24:32,32.6,69.2,684,628
2026-09-29 12:24:37,32.6,69.1,673,634
2026-09-29 12:24:43,32.5,69.2,663,645
2026-09-29 12:24:48,32.6,69.2,675,583
2026-09-29 12:24:53,32.6,69.1,685,576
2026-09-29 12:24:58,32.6,69.1,685,563
2026-09-29 12:25:03,32.6,69.1,697,561
2026-09-29 12:25:08,32.6,69.2,688,564
2026-09-29 12:25:14,32.6,69.1,687,574
2026-09-29 12:25:19,32.6,69.2,701,562
2026-09-29 12:25:24,32.5,69.2,673,557
2026-09-29 12:25:29,32.6,69.2,659,569
2026-09-29 12:25:34,32.6,69.2,667,569
2026-09-29 12:25:39,32.6,69.2,673,560
2026-09-29 12:25:44,32.6,69.2,683,560
2026-09-29 12:25:50,32.6,69.1,678,569
2026-09-29 12:25:55,32.6,69.2,688,571
2026-09-29 12:26:00,32.6,69.1,675,631
2026-09-29 12:26:05,32.6,69.2,679,634
2026-09-29 12:26:10,32.6,69.2,684,642
2026-09-29 12:26:15,32.6,69.2,671,630
2026-09-29 12:26:21,32.6,69.2,650,599
2026-09-29 12:26:26,32.6,69.2,648,593
2026-09-29 12:26:32,32.6,69.2,655,595
2026-09-29 12:26:37,32.6,69.2,675,590
2026-09-29 12:26:42,32.6,69.2,689,586
2026-09-29 12:26:48,32.6,69.2,662,544
2026-09-29 12:26:53,32.6,69.2,679,549
2026-09-29 12:26:58,32.6,69.2,683,549
2026-09-29 12:27:03,32.6,69.2,679,560
2026-09-29 12:27:09,32.6,69.2,697,612
2026-09-29 12:27:14,32.6,69.2,682,585
2026-09-29 12:27:20,32.6,69.2,668,576
2026-09-29 12:27:26,32.6,69.2,669,590
2026-09-29 12:27:31,32.6,69.3,678,599
2026-09-29 12:27:37,32.6,69.2,688,578
2026-09-29 12:27:42,32.6,69.2,656,576
2026-09-29 12:27:47,32.6,69.3,671,578
2026-09-29 12:27:52,32.6,69.3,656,592
2026-09-29 12:27:57,32.6,69.2,679,592
2026-09-29 12:28:03,32.6,69.3,678,592
2026-09-29 12:28:08,32.6,69.3,688,589
2026-09-29 12:28:13,32.6,69.3,681,596
2026-09-29 12:28:19,32.6,69.3,669,579
2026-09-29 12:28:24,32.6,69.2,675,605
2026-09-29 12:28:29,32.6,69.2,659,635
2026-09-29 12:28:34,32.6,69.2,674,623
2026-09-29 12:28:39,32.6,69.3,671,640
2026-09-29 12:28:44,32.6,69.2,667,624
2026-09-29 12:28:49,32.6,69.3,676,635
2026-09-29 12:28:55,32.6,69.2,682,613
2026-09-29 12:29:00,32.6,69.3,662,656
2026-09-29 12:29:05,32.6,69.2,653,659
2026-09-29 12:29:11,32.6,69.2,650,669
2026-09-29 12:29:17,32.6,69.2,653,671
2026-09-29 12:29:22,32.6,69.1,646,667
2026-09-29 12:29:27,32.6,69.0,641,658
2026-09-29 12:29:33,32.6,68.9,643,657
2026-09-29 12:29:38,32.6,69.0,645,658
2026-09-29 12:29:43,32.6,69.1,653,660
2026-09-29 12:29:49,32.7,69.1,638,670
2026-09-29 12:29:54,32.6,69.1,640,611
2026-09-29 12:30:00,32.6,69.1,654,615
2026-09-29 12:30:05,32.7,69.2,649,630
2026-09-29 12:30:11,32.6,69.0,610,621
2026-09-29 12:30:16,32.6,68.9,594,657
2026-09-29 12:30:21,32.7,69.0,645,431
2026-09-29 12:30:27,32.7,68.9,627,442
2026-09-29 12:30:32,32.7,68.9,607,464
2026-09-29 12:30:38,32.7,68.9,612,455
2026-09-29 12:30:43,32.7,69.4,612,464
2026-09-29 12:30:48,32.7,69.1,605,451
2026-09-29 12:30:54,32.7,69.2,626,471
2026-09-29 12:31:00,32.8,71.2,608,459
2026-09-29 12:31:05,32.8,69.5,611,437
2026-09-29 12:31:11,32.7,69.1,611,428
2026-09-29 12:31:16,32.8,69.7,848,428
2026-09-29 12:31:21,32.8,70.0,735,574
2026-09-29 12:31:27,32.8,70.0,690,584
2026-09-29 12:31:33,32.8,69.5,659,587
2026-09-29 12:31:39,32.8,69.4,638,593
2026-09-29 12:31:44,32.8,68.8,625,588
2026-09-29 12:31:49,32.8,69.3,623,593
2026-09-29 12:31:55,32.8,69.2,607,595
2026-09-29 12:32:01,32.8,69.2,609,596
2026-09-29 12:32:06,32.8,69.3,592,598
2026-09-29 12:32:11,32.8,69.3,587,596
2026-09-29 12:32:16,32.8,69.3,577,603
2026-09-29 12:32:22,32.7,68.8,578,610
2026-09-29 12:32:27,32.8,69.4,589,437
2026-09-29 12:32:32,33.0,69.9,576,493
2026-09-29 12:32:38,33.5,68.9,562,1259
2026-09-29 12:32:43,34.3,67.4,558,593
2026-09-29 12:32:49,35.4,64.9,569,643
2026-09-29 12:32:54,37.1,62.3,555,624
2026-09-29 12:33:00,39.0,59.1,559,545
2026-09-29 12:33:05,39.4,55.1,554,448
2026-09-29 12:33:10,39.4,54.0,573,455
2026-09-29 12:33:16,39.3,53.9,557,458
2026-09-29 12:33:21,39.1,52.9,544,453
2026-09-29 12:33:27,38.8,53.2,541,438
2026-09-29 12:33:33,38.6,54.0,535,430
2026-09-29 12:33:38,38.3,54.6,551,639
2026-09-29 12:33:43,37.9,54.9,522,577
2026-09-29 12:33:49,37.7,54.7,495,492
2026-09-29 12:33:54,37.1,55.8,497,576
2026-09-29 12:33:59,36.4,57.5,530,497
2026-09-29 12:34:04,36.0,58.7,554,593
2026-09-29 12:34:10,35.5,60.2,595,601
2026-09-29 12:34:16,35.1,61.2,608,641
2026-09-29 12:34:21,34.7,62.3,594,641
2026-09-29 12:34:27,34.4,63.2,597,638
2026-09-29 12:34:32,34.1,64.0,576,629
2026-09-29 12:34:37,34.0,64.5,585,642
2026-09-29 12:34:42,33.7,65.1,566,644
2026-09-29 12:34:47,33.6,65.6,573,642
2026-09-29 12:34:52,33.5,66.0,576,481
2026-09-29 12:34:57,33.3,66.4,606,650
2026-09-29 12:35:03,33.3,66.8,650,646
2026-09-29 12:35:08,33.2,67.0,658,643
2026-09-29 12:35:13,33.2,67.3,643,631
2026-09-29 12:35:18,33.1,67.6,630,471
2026-09-29 12:35:24,33.1,67.7,617,511
2026-09-29 12:35:29,33.0,67.9,603,641
2026-09-29 12:35:35,33.0,68.0,611,647
2026-09-29 12:35:40,32.9,68.2,631,627
2026-09-29 12:35:46,32.9,68.4,613,637
2026-09-29 12:35:52,32.9,68.4,610,641
2026-09-29 12:35:57,32.9,68.4,592,641
2026-09-29 12:36:02,32.9,68.5,603,633
2026-09-29 12:36:08,32.8,68.6,576,625
2026-09-29 12:36:13,32.8,68.7,578,637
2026-09-29 12:36:18,32.8,68.7,592,624
2026-09-29 12:36:24,32.8,68.8,585,639
2026-09-29 12:36:29,32.8,68.9,594,631
2026-09-29 12:36:35,32.8,68.3,570,639
2026-09-29 12:36:40,32.8,68.4,579,627
2026-09-29 12:36:46,32.7,68.4,584,597
2026-09-29 12:36:51,32.7,68.4,573,642
2026-09-29 12:36:57,32.8,68.4,571,464
2026-09-29 12:37:03,32.7,68.5,581,384
2026-09-29 12:37:08,32.7,68.5,577,384
2026-09-29 12:37:14,32.7,68.5,571,465
2026-09-29 12:37:19,32.7,68.5,576,577
2026-09-29 12:37:24,32.7,68.6,576,592
2026-09-29 12:37:30,32.7,68.5,563,642
2026-09-29 12:37:36,32.7,68.5,567,643
2026-09-29 12:37:41,32.8,68.5,576,639
2026-09-29 12:37:47,32.7,68.6,569,602
2026-09-29 12:37:53,32.7,68.5,561,594
2026-09-29 12:37:59,32.7,68.5,579,615
2026-09-29 12:38:04,32.7,68.5,594,606
2026-09-29 12:38:10,32.7,68.6,618,607
2026-09-29 12:38:15,32.7,68.6,629,577
2026-09-29 12:38:20,32.7,68.8,654,607
2026-09-29 12:38:26,32.7,68.8,623,598
2026-09-29 12:38:32,32.7,68.8,610,608
2026-09-29 12:38:37,32.7,68.9,602,605
2026-09-29 12:38:43,32.7,68.8,591,606
2026-09-29 12:38:48,32.7,68.8,586,612
2026-09-29 12:38:53,32.7,68.7,578,608
2026-09-29 12:38:58,32.7,68.8,592,602
2026-09-29 12:39:03,32.7,68.7,582,604
2026-09-29 12:39:08,32.7,68.8,572,607
2026-09-29 12:39:13,32.7,68.8,578,610
2026-09-29 12:39:18,32.7,68.9,581,624
2026-09-29 12:39:24,32.7,68.8,563,617
2026-09-29 12:39:29,32.7,68.8,578,620
2026-09-29 12:39:34,32.7,68.8,590,647
2026-09-29 12:39:39,32.7,68.8,591,638
2026-09-29 12:39:44,32.7,68.9,601,650
2026-09-29 12:39:49,32.7,68.9,613,637
2026-09-29 12:39:55,32.7,68.9,620,636
2026-09-29 12:40:00,32.7,68.9,617,633
2026-09-29 12:40:05,32.7,68.9,628,637
2026-09-29 12:40:10,32.7,68.9,619,631
2026-09-29 12:40:15,32.7,68.9,620,631
2026-09-29 12:40:20,32.7,69.0,630,637
2026-09-29 12:40:26,32.7,69.0,640,634
2026-09-29 12:40:31,32.7,69.0,624,643
2026-09-29 12:40:36,32.7,69.0,624,640
2026-09-29 12:40:41,32.7,69.0,622,638
2026-09-29 12:40:46,32.7,69.0,622,639
2026-09-29 12:40:51,32.7,69.0,629,640
2026-09-29 12:40:56,32.7,69.0,619,609
2026-09-29 12:41:01,32.7,69.1,631,574
2026-09-29 12:41:06,32.7,69.1,655,597
2026-09-29 12:41:12,32.7,69.0,635,625
2026-09-29 12:41:17,32.7,69.1,647,641
2026-09-29 12:41:22,32.7,69.1,643,640
2026-09-29 12:41:27,32.7,69.1,656,633
2026-09-29 12:41:32,32.7,69.1,643,598
2026-09-29 12:41:37,32.7,69.2,647,624
2026-09-29 12:41:43,32.7,69.1,635,619
2026-09-29 12:41:48,32.7,69.1,618,627
2026-09-29 12:41:53,32.7,69.0,613,624
2026-09-29 12:41:58,32.7,69.1,613,624
2026-09-29 12:42:03,32.7,69.1,611,622
2026-09-29 12:42:08,32.7,69.1,621,592
2026-09-29 12:42:14,32.7,69.1,640,637
2026-09-29 12:42:19,32.8,69.7,622,593
2026-09-29 12:42:24,32.7,69.0,597,585
2026-09-29 12:42:29,32.7,69.1,614,592
2026-09-29 12:42:34,32.7,69.0,627,587
2026-09-29 12:42:40,32.7,69.0,640,586
2026-09-29 12:42:45,32.7,69.0,640,593
2026-09-29 12:42:50,32.7,69.1,656,639
2026-09-29 12:42:55,32.7,69.0,659,614
2026-09-29 12:43:00,32.7,69.0,678,601
2026-09-29 12:43:05,32.8,69.1,678,619
2026-09-29 12:43:10,32.7,69.0,667,608
2026-09-29 12:43:16,32.7,69.1,672,608
2026-09-29 12:43:21,32.8,69.1,699,633
2026-09-29 12:43:26,32.7,69.1,687,644
2026-09-29 12:43:31,32.7,69.1,658,637
2026-09-29 12:43:36,32.7,69.1,627,644
2026-09-29 12:43:41,32.8,69.1,631,646
2026-09-29 12:43:46,32.8,69.1,613,656
2026-09-29 12:43:52,32.8,69.7,582,613
2026-09-29 12:43:57,32.7,69.0,589,611
2026-09-29 12:44:02,32.8,69.6,596,630
2026-09-29 12:44:07,32.8,69.6,614,622
2026-09-29 12:44:12,32.8,69.7,655,670
2026-09-29 12:44:17,32.8,69.1,658,653
2026-09-29 12:44:22,32.7,69.1,644,643
2026-09-29 12:44:27,32.8,69.2,615,640
2026-09-29 12:44:33,32.7,69.2,602,653
2026-09-29 12:44:38,32.7,69.1,589,643
2026-09-29 12:44:43,32.8,69.7,564,536
2026-09-29 12:44:48,32.8,69.0,557,635
2026-09-29 12:44:53,32.8,69.0,576,682
2026-09-29 12:44:58,32.8,69.6,620,669
2026-09-29 12:45:03,32.8,68.9,608,656
2026-09-29 12:45:08,32.8,69.0,590,658
2026-09-29 12:45:14,32.8,69.5,579,657
2026-09-29 12:45:19,32.7,68.9,563,654
2026-09-29 12:45:24,32.7,69.0,550,644
2026-09-29 12:45:29,32.8,69.6,550,641
2026-09-29 12:45:34,32.8,69.6,551,645
2026-09-29 12:45:39,32.8,69.5,537,654
2026-09-29 12:45:44,32.7,68.9,545,657
2026-09-29 12:45:50,32.7,69.0,531,656
2026-09-29 12:45:55,32.8,69.6,528,653
2026-09-29 12:46:00,32.8,69.6,529,663
2026-09-29 12:46:05,32.8,69.5,527,662
2026-09-29 12:46:10,32.8,69.5,528,662
2026-09-29 12:46:15,32.8,69.5,528,659
2026-09-29 12:46:20,32.8,69.6,528,659
2026-09-29 12:46:25,32.8,69.6,528,661
2026-09-29 12:46:31,32.8,69.5,522,597
2026-09-29 12:46:36,32.8,69.5,528,637
2026-09-29 12:46:41,32.8,69.5,539,613
2026-09-29 12:46:46,32.8,69.5,533,629
2026-09-29 12:46:51,32.8,69.5,511,630
2026-09-29 12:46:56,32.8,69.5,528,649
2026-09-29 12:47:01,32.8,69.5,543,676
2026-09-29 12:47:06,32.8,69.5,523,678
2026-09-29 12:47:11,32.8,69.5,549,677
2026-09-29 12:47:17,32.8,69.5,541,679
2026-09-29 12:47:22,32.9,69.5,534,662
2026-09-29 12:47:27,32.8,69.4,531,656
2026-09-29 12:47:32,32.8,69.5,535,671
2026-09-29 12:47:37,32.8,69.5,530,658
2026-09-29 12:47:42,32.8,69.5,523,662
2026-09-29 12:47:47,32.8,69.6,540,660
2026-09-29 12:47:52,32.8,69.5,544,662
2026-09-29 12:47:58,32.8,69.6,528,668
2026-09-29 12:48:03,32.8,69.6,530,645
2026-09-29 12:48:08,32.8,69.6,543,511
2026-09-29 12:48:13,32.8,69.6,533,276
2026-09-29 12:48:18,32.8,69.6,523,628
2026-09-29 12:48:23,32.8,69.6,496,631
2026-09-29 12:48:28,32.9,69.6,506,588
2026-09-29 12:48:33,32.9,70.0,488,1211
2026-09-29 12:48:39,35.4,67.4,477,466
2026-09-29 12:48:44,35.6,64.8,470,637
2026-09-29 12:48:49,35.6,64.0,478,665
2026-09-29 12:48:54,35.6,63.5,478,681
2026-09-29 12:48:59,35.5,63.4,478,687
2026-09-29 12:49:04,35.5,63.0,466,688
2026-09-29 12:49:09,35.4,62.9,459,677
2026-09-29 12:49:15,35.3,62.9,464,3729
2026-09-29 12:49:20,35.2,63.0,464,3892
2026-09-29 12:49:25,35.1,63.1,459,4095
2026-09-29 12:49:30,35.0,63.3,460,603
2026-09-29 12:49:35,34.9,63.5,457,599
2026-09-29 12:49:40,34.8,63.7,466,624
2026-09-29 12:49:46,34.7,63.9,464,628
2026-09-29 12:49:51,34.6,64.1,455,632
2026-09-29 12:49:56,34.5,64.4,461,630
2026-09-29 12:50:01,34.5,64.5,450,626
2026-09-29 12:50:06,34.4,64.7,449,624
2026-09-29 12:50:12,34.3,65.0,450,627
2026-09-29 12:50:17,34.3,65.1,449,637
2026-09-29 12:50:22,34.2,65.3,443,640
2026-09-29 12:50:27,34.1,65.4,432,646
2026-09-29 12:50:32,34.1,65.6,443,650
2026-09-29 13:14:35,32.8,70.1,483,443
2026-09-29 13:14:41,32.8,70.1,487,443
2026-09-29 13:14:47,32.8,70.1,473,403
2026-09-29 13:14:52,32.8,70.0,471,363
2026-09-29 13:14:58,32.8,70.1,335,398
2026-09-29 13:15:03,32.8,70.1,448,416
2026-09-29 13:15:09,32.8,70.2,466,420
2026-09-29 13:15:14,32.8,70.0,446,427
2026-09-29 13:15:20,32.8,70.1,433,433
2026-09-29 13:15:25,32.8,70.0,432,444
2026-09-29 13:15:31,32.8,70.2,415,464
2026-09-29 13:15:36,32.8,70.0,426,661
2026-09-29 13:15:42,32.8,70.1,421,693
2026-09-29 13:15:47,32.8,70.0,407,687
2026-09-29 13:15:52,32.7,69.5,400,691
2026-09-29 13:15:58,32.8,70.1,413,639
2026-09-29 13:16:03,32.7,69.4,401,638
2026-09-29 13:16:09,32.7,69.5,391,691
2026-09-29 13:16:14,32.7,69.5,391,640
2026-09-29 13:16:20,32.8,69.6,377,645
2026-09-29 13:16:25,32.7,69.6,387,640
2026-09-29 13:16:31,32.7,69.6,385,642
2026-09-29 13:16:36,32.7,69.6,391,645
2026-09-29 13:16:42,32.7,69.6,379,639
2026-09-29 13:16:47,32.7,69.7,384,638
2026-09-29 13:16:52,32.7,69.6,378,658
2026-09-29 13:16:57,32.7,69.6,370,674
2026-09-29 13:17:02,32.7,69.6,374,679
2026-09-29 13:17:08,32.7,69.6,389,681
2026-09-29 13:17:13,32.7,69.6,382,624
2026-09-29 13:17:18,32.7,69.6,383,622
2026-09-29 13:17:23,32.7,69.6,386,647
2026-09-29 13:17:28,32.7,69.6,379,620
2026-09-29 13:17:34,32.7,69.6,384,625
2026-09-29 13:17:39,32.7,69.5,385,628
2026-09-29 13:17:45,32.7,69.6,391,624
2026-09-29 13:17:50,32.7,69.6,386,496
2026-09-29 13:17:55,32.8,69.6,391,500
2026-09-29 13:18:01,32.7,69.6,386,543
2026-09-29 13:18:07,32.8,69.6,398,495
2026-09-29 13:18:12,32.7,69.6,400,420
2026-09-29 13:18:17,32.7,69.6,389,463
2026-09-29 13:18:22,32.8,70.2,386,589
2026-09-29 13:18:28,32.8,70.2,383,540
2026-09-29 13:18:33,32.8,70.2,370,527
2026-09-29 13:18:39,32.8,70.2,381,635
2026-09-29 13:18:45,32.8,69.6,370,640
2026-09-29 13:18:50,32.8,70.2,379,640
2026-09-29 13:18:56,32.8,70.3,374,637
2026-09-29 13:19:02,32.7,69.6,373,619
2026-09-29 13:19:07,32.8,69.7,405,688
2026-09-29 13:19:13,32.8,70.2,374,702
2026-09-29 13:19:18,32.8,70.2,387,703
2026-09-29 13:19:23,32.8,70.1,395,697
2026-09-29 13:19:29,32.8,70.1,384,693
2026-09-29 13:19:34,32.8,70.2,400,688
2026-09-29 13:19:40,32.8,70.1,420,661
